customer_id,customer_name,customer_segment,account_age_days,total_bookings,preferred_booking_channel,loyalty_tier,home_city
CUST100000,Vihaan Sharma,Family Vacation,1045,26,Mobile App,Gold,Shimla
CUST100001,Krishna Das,First-Time User,43,39,Mobile App,Blue,Chennai
CUST100002,Ayaan Reddy,Couple Leisure,921,28,Mobile App,Blue,Ahmedabad
CUST100003,Vihaan Iyer,Couple Leisure,2141,5,Mobile App,Silver,Hyderabad
CUST100004,Meera Bose,Budget Solo,584,8,Mobile App,Blue,Agra
CUST100005,Vivaan Sharma,Budget Solo,2021,25,Website,Blue,Jaipur
CUST100006,Aditya Khan,Budget Solo,1468,27,Mobile App,Blue,Mumbai
CUST100007,Ayaan Sharma,Premium Member,752,23,Mobile App,Gold,Udaipur
CUST100008,Sara Khan,Couple Leisure,530,30,Mobile App,Blue,Agra
CUST100009,Sara Bose,Couple Leisure,2015,23,Website,Silver,Udaipur
CUST100010,Ayaan Kapoor,Budget Solo,53,20,Website,Silver,Pune
CUST100011,Meera Gupta,First-Time User,901,18,Mobile App,Blue,Pune
CUST100012,Aarav Patel,Premium Member,1113,18,Website,Platinum,Manali
CUST100013,Myra Pillai,Family Vacation,1838,2,Mobile App,Blue,Agra
CUST100014,Krishna Reddy,Budget Solo,1725,4,Mobile App,Platinum,Udaipur
CUST100015,Reyansh Pillai,Budget Solo,988,30,Mobile App,Silver,Manali
CUST100016,Vihaan Iyer,Family Vacation,1577,33,Mobile App,Platinum,Kolkata
CUST100017,Diya Nair,Business Traveler,1003,36,Website,Blue,Agra
CUST100018,Ananya Singh,Business Traveler,35,18,Partner Desk,Silver,Chennai
CUST100019,Ira Gupta,Family Vacation,883,37,Mobile App,Blue,Chennai
CUST100020,Vivaan Kapoor,Couple Leisure,98,19,Website,Blue,Goa
CUST100021,Sara Nair,Budget Solo,1697,28,Website,Silver,Jaipur
CUST100022,Diya Iyer,Family Vacation,1991,40,Mobile App,Blue,Hyderabad
CUST100023,Sara Mehta,Family Vacation,1425,20,Mobile App,Silver,Ahmedabad
CUST100024,Ira Singh,Business Traveler,1545,33,Mobile App,Blue,Udaipur
CUST100025,Meera Khan,Premium Member,584,12,Mobile App,Blue,Jaipur
CUST100026,Aditya Verma,Budget Solo,948,15,Mobile App,Gold,Chennai
CUST100027,Ayaan Mehta,Business Traveler,1995,41,Mobile App,Blue,Delhi
CUST100028,Aditya Das,Couple Leisure,1870,39,Mobile App,Silver,Udaipur
CUST100029,Vihaan Mishra,Budget Solo,807,2,Website,Silver,Varanasi
CUST100030,Krishna Kapoor,Couple Leisure,806,29,Mobile App,Gold,Jaipur
CUST100031,Ananya Patel,Budget Solo,1824,41,Call Center,Blue,Ahmedabad
CUST100032,Ananya Singh,Budget Solo,1309,10,Mobile App,Silver,Chennai
CUST100033,Reyansh Gupta,First-Time User,1622,2,Website,Platinum,Bengaluru
CUST100034,Aditya Patel,First-Time User,1098,11,Partner Desk,Silver,Chennai
CUST100035,Sara Das,Premium Member,999,13,Website,Silver,Pune
CUST100036,Sai Kapoor,Family Vacation,1695,10,Mobile App,Silver,Manali
CUST100037,Diya Gupta,Budget Solo,534,14,Website,Silver,Varanasi
CUST100038,Sara Das,Couple Leisure,605,18,Mobile App,Silver,Mumbai
CUST100039,Saanvi Verma,Business Traveler,1065,9,Mobile App,Blue,Kolkata
CUST100040,Ayaan Verma,Budget Solo,1724,39,Mobile App,Blue,Shimla
CUST100041,Saanvi Mishra,Business Traveler,2050,28,Mobile App,Gold,Ahmedabad
CUST100042,Krishna Iyer,Budget Solo,363,3,Mobile App,Blue,Kolkata
CUST100043,Reyansh Pillai,First-Time User,974,20,Call Center,Silver,Varanasi
CUST100044,Reyansh Jain,Family Vacation,1978,6,Website,Blue,Manali
CUST100045,Diya Kapoor,Couple Leisure,707,27,Mobile App,Silver,Pune
CUST100046,Arjun Gupta,Family Vacation,1574,2,Call Center,Blue,Pune
CUST100047,Arjun Das,Business Traveler,392,29,Mobile App,Blue,Shimla
CUST100048,Sara Gupta,Business Traveler,541,38,Call Center,Platinum,Udaipur
CUST100049,Meera Bose,Budget Solo,1274,3,,Gold,Ahmedabad
CUST100050,Meera Mishra,First-Time User,1890,16,Mobile App,Silver,Bengaluru
CUST100051,Ananya Das,Premium Member,1778,30,Website,Silver,Bengaluru
CUST100052,Arjun Jain,First-Time User,535,40,Website,Silver,Shimla
CUST100053,Aditya Verma,Premium Member,1716,2,Website,Silver,Udaipur
CUST100054,Vihaan Reddy,Couple Leisure,1031,17,Call Center,Silver,Jaipur
CUST100055,Sai Bose,First-Time User,1028,41,Website,Blue,Udaipur
CUST100056,Ira Iyer,Budget Solo,131,12,Website,Silver,Hyderabad
CUST100057,Diya Mishra,Budget Solo,1382,35,Website,Gold,Hyderabad
CUST100058,Ira Kapoor,Budget Solo,598,43,Website,Platinum,Kolkata
CUST100059,Anika Gupta,Family Vacation,409,1,Mobile App,Blue,Chennai
CUST100060,Sara Sharma,Family Vacation,1102,15,Partner Desk,Silver,Shimla
CUST100061,Vihaan Gupta,Family Vacation,86,26,Mobile App,Silver,Ahmedabad
CUST100062,Saanvi Nair,Premium Member,288,37,Website,Blue,Udaipur
CUST100063,Ishaan Bose,Family Vacation,2028,21,Partner Desk,Blue,Kochi
CUST100064,Sai Kapoor,Family Vacation,1358,31,Website,Blue,Ahmedabad
CUST100065,Aarav Gupta,Business Traveler,352,25,Website,Blue,Udaipur
CUST100066,Anika Patel,Budget Solo,1404,23,Website,Blue,Varanasi
CUST100067,Anika Nair,Premium Member,621,24,Mobile App,Silver,Manali
CUST100068,Ishaan Khan,Budget Solo,180,38,Partner Desk,Silver,Jaipur
CUST100069,Arjun Singh,First-Time User,1582,28,Mobile App,Silver,Goa
CUST100070,Sai Sharma,Premium Member,2073,21,Mobile App,Platinum,Kolkata
CUST100071,Ira Pillai,Budget Solo,1339,43,Mobile App,Blue,Kolkata
CUST100072,Kiara Sharma,Budget Solo,743,18,Mobile App,Blue,Kolkata
CUST100073,Vihaan Singh,Premium Member,2058,36,Mobile App,Silver,Varanasi
CUST100074,Ishaan Das,Couple Leisure,116,35,Website,Blue,Agra
CUST100075,Vivaan Das,Couple Leisure,1430,9,Mobile App,Blue,Chennai
CUST100076,Meera Iyer,Premium Member,793,38,Mobile App,Blue,Shimla
CUST100077,Aditya Jain,Budget Solo,228,30,Mobile App,Blue,Pune
CUST100078,Aditya Reddy,Family Vacation,1126,44,Mobile App,Gold,Shimla
CUST100079,Arjun Jain,Budget Solo,1591,34,Website,Blue,Delhi
CUST100080,Sara Patel,Premium Member,1710,32,Mobile App,Silver,Goa
CUST100081,Krishna Bose,Couple Leisure,606,3,Mobile App,Blue,Agra
CUST100082,Reyansh Khan,Family Vacation,1348,3,Mobile App,Silver,Kochi
CUST100083,Ishaan Mishra,Budget Solo,1124,28,Mobile App,Blue,Kochi
CUST100084,Ananya Kapoor,Family Vacation,2154,44,Mobile App,Silver,Chennai
CUST100085,Anika Kapoor,Family Vacation,728,15,Mobile App,Blue,Hyderabad
CUST100086,Vihaan Das,Couple Leisure,950,41,Website,Blue,Shimla
CUST100087,Ayaan Iyer,Couple Leisure,1966,23,Website,Silver,Jaipur
CUST100088,Saanvi Sharma,Premium Member,256,40,Mobile App,Blue,Pune
CUST100089,Meera Das,Business Traveler,2058,11,Call Center,Blue,Hyderabad
CUST100090,Meera Das,Budget Solo,16,32,Mobile App,Blue,Pune
CUST100091,Aarav Iyer,Couple Leisure,1783,36,Mobile App,Gold,Bengaluru
CUST100092,Vivaan Das,Premium Member,1964,33,Call Center,Blue,Kolkata
CUST100093,Aditya Verma,Business Traveler,2178,24,Mobile App,Silver,Agra
CUST100094,Saanvi Iyer,Premium Member,932,39,Call Center,Blue,Pune
CUST100095,Anika Das,Business Traveler,104,34,Mobile App,Blue,Manali
CUST100096,Krishna Jain,Business Traveler,1724,28,Mobile App,Blue,Mumbai
CUST100097,Reyansh Reddy,Business Traveler,2184,37,Mobile App,Gold,Kolkata
CUST100098,Meera Jain,Budget Solo,157,7,Website,Blue,Kolkata
CUST100099,Ayaan Jain,Budget Solo,120,4,Website,Blue,Jaipur
CUST100100,Myra Khan,Budget Solo,901,37,Website,Blue,Agra
CUST100101,Vihaan Nair,Couple Leisure,442,1,Mobile App,Blue,Goa
CUST100102,Myra Singh,Family Vacation,1343,1,Mobile App,Blue,Hyderabad
CUST100103,Myra Bose,Business Traveler,1910,20,Mobile App,Silver,Pune
CUST100104,Aadhya Verma,First-Time User,2009,19,Mobile App,Blue,Pune
CUST100105,Vihaan Verma,Family Vacation,331,29,Call Center,Blue,Bengaluru
CUST100106,Diya Pillai,Business Traveler,2001,10,Mobile App,Silver,Kolkata
CUST100107,Vihaan Das,Couple Leisure,649,18,Website,Blue,Udaipur
CUST100108,Reyansh Khan,Family Vacation,1940,28,Website,Blue,Shimla
CUST100109,Sara Kapoor,Budget Solo,2071,35,Mobile App,Blue,Delhi
CUST100110,Arjun Bose,Family Vacation,1454,43,Website,Silver,Udaipur
CUST100111,Sai Gupta,Budget Solo,567,31,Mobile App,Blue,Shimla
CUST100112,Aadhya Das,First-Time User,730,27,Mobile App,Silver,Pune
CUST100113,Aditya Kapoor,Premium Member,1302,11,Mobile App,Blue,Udaipur
CUST100114,Sara Nair,Couple Leisure,1728,38,Website,Silver,Jaipur
CUST100115,Vivaan Sharma,Premium Member,1898,5,Mobile App,Blue,Mumbai
CUST100116,Aditya Das,Premium Member,1122,8,Mobile App,Silver,Pune
CUST100117,Sai Bose,Budget Solo,1356,34,Mobile App,Gold,Pune
CUST100118,Kiara Jain,Premium Member,125,12,Mobile App,Silver,Mumbai
CUST100119,Reyansh Mishra,Business Traveler,265,38,Website,Blue,Hyderabad
CUST100120,Vivaan Patel,Premium Member,2069,1,Website,Blue,Mumbai
CUST100121,Diya Sharma,Premium Member,473,31,Mobile App,Blue,Kochi
CUST100122,Diya Gupta,Family Vacation,1122,4,Mobile App,Blue,Udaipur
CUST100123,Aadhya Mehta,Budget Solo,222,5,Website,Blue,Jaipur
CUST100124,Myra Jain,Family Vacation,914,30,Mobile App,Gold,Bengaluru
CUST100125,Arjun Khan,Business Traveler,36,24,Website,Blue,Hyderabad
CUST100126,Ishaan Khan,Premium Member,424,3,Mobile App,Blue,Chennai
CUST100127,Vivaan Verma,Premium Member,909,11,Mobile App,Silver,Ahmedabad
CUST100128,Saanvi Verma,Budget Solo,529,4,Mobile App,Silver,Bengaluru
CUST100129,Vivaan Jain,Business Traveler,823,26,Mobile App,Blue,Goa
CUST100130,Anika Patel,Business Traveler,888,27,Website,Gold,Goa
CUST100131,Vivaan Iyer,Family Vacation,28,43,Mobile App,Blue,Goa
CUST100132,Sai Iyer,Budget Solo,985,27,Website,Silver,Agra
CUST100133,Ira Iyer,Family Vacation,2149,42,Website,Gold,Goa
CUST100134,Ayaan Mishra,First-Time User,1575,6,Mobile App,Silver,Jaipur
CUST100135,Vihaan Das,Family Vacation,1339,15,Website,Silver,Bengaluru
CUST100136,Meera Verma,Business Traveler,1281,30,Mobile App,Blue,Shimla
CUST100137,Ira Iyer,Couple Leisure,2184,42,Mobile App,Blue,Manali
CUST100138,Myra Pillai,Family Vacation,764,37,Website,Silver,Kolkata
CUST100139,Krishna Khan,First-Time User,699,37,Mobile App,Blue,Varanasi
CUST100140,Saanvi Das,First-Time User,1942,42,Website,Gold,Delhi
CUST100141,Krishna Mishra,Family Vacation,709,37,Mobile App,Blue,Manali
CUST100142,Arjun Mehta,Business Traveler,321,35,Website,Blue,Hyderabad
CUST100143,Aadhya Pillai,Family Vacation,2004,23,Website,Blue,Agra
CUST100144,Aditya Sharma,Family Vacation,676,6,Website,Blue,Chennai
CUST100145,Aadhya Nair,Budget Solo,563,4,Website,Silver,Udaipur
CUST100146,Aditya Khan,Couple Leisure,326,18,Website,Silver,Ahmedabad
CUST100147,Anika Gupta,Business Traveler,1097,9,Mobile App,Silver,Kochi
CUST100148,Arjun Singh,Budget Solo,1752,29,Website,Gold,Shimla
CUST100149,Aditya Das,Family Vacation,769,13,Mobile App,Gold,Pune
CUST100150,Ananya Mehta,First-Time User,49,17,Mobile App,Gold,Shimla
CUST100151,Sai Kapoor,Family Vacation,459,32,Mobile App,Blue,Goa
CUST100152,Sara Mehta,Budget Solo,2155,22,Call Center,Silver,Chennai
CUST100153,Ira Sharma,Business Traveler,1997,4,Mobile App,Blue,Varanasi
CUST100154,Sara Mehta,First-Time User,1245,5,Mobile App,Blue,Pune
CUST100155,Vihaan Reddy,Family Vacation,367,37,Mobile App,Silver,Delhi
CUST100156,Krishna Nair,Couple Leisure,917,41,Website,Blue,Chennai
CUST100157,Vihaan Reddy,Premium Member,1370,13,Website,Blue,Kochi
CUST100158,Krishna Mehta,Family Vacation,1763,34,Mobile App,Blue,Bengaluru
CUST100159,Ira Khan,Couple Leisure,173,22,Mobile App,Blue,Ahmedabad
CUST100160,Saanvi Khan,Family Vacation,1992,23,Website,Gold,Chennai
CUST100161,Krishna Jain,Couple Leisure,971,3,Mobile App,Blue,Ahmedabad
CUST100162,Krishna Verma,Couple Leisure,2086,42,Mobile App,Blue,Agra
CUST100163,Aditya Bose,Business Traveler,418,34,Website,Blue,Goa
CUST100164,Krishna Verma,Budget Solo,530,32,Website,Blue,Delhi
CUST100165,Aarav Pillai,Premium Member,1402,21,Mobile App,Gold,Udaipur
CUST100166,Arjun Gupta,Family Vacation,970,44,Website,Blue,Varanasi
CUST100167,Sai Kapoor,Budget Solo,1727,21,Website,Silver,Ahmedabad
CUST100168,Sara Bose,Budget Solo,622,44,Mobile App,Silver,Varanasi
CUST100169,Sara Sharma,Couple Leisure,1288,11,Call Center,Platinum,Kolkata
CUST100170,Vihaan Iyer,Couple Leisure,1550,39,Website,Silver,Mumbai
CUST100171,Arjun Verma,Budget Solo,1456,4,Website,Gold,Agra
CUST100172,Ananya Reddy,Business Traveler,1812,1,Website,Blue,Goa
CUST100173,Myra Reddy,Family Vacation,309,28,Mobile App,Blue,Varanasi
CUST100174,Vivaan Mehta,Couple Leisure,769,24,Mobile App,Blue,Pune
CUST100175,Ananya Verma,Budget Solo,1409,35,Mobile App,Gold,Delhi
CUST100176,Ananya Khan,Couple Leisure,200,13,Mobile App,Blue,Bengaluru
CUST100177,Ayaan Nair,Family Vacation,1284,34,Mobile App,Blue,Agra
CUST100178,Ananya Bose,First-Time User,651,11,Partner Desk,Blue,Jaipur
CUST100179,Ira Reddy,Budget Solo,1306,36,Website,Blue,Delhi
CUST100180,Ayaan Patel,Family Vacation,544,17,Website,Blue,Shimla
CUST100181,Sai Bose,Budget Solo,2083,35,Website,Platinum,Pune
CUST100182,Aarav Patel,First-Time User,808,18,Website,Blue,Agra
CUST100183,Saanvi Bose,Premium Member,2162,40,Mobile App,Silver,Mumbai
CUST100184,Ayaan Gupta,Family Vacation,492,22,Mobile App,Silver,Mumbai
CUST100185,Sai Nair,Couple Leisure,1637,24,Mobile App,Blue,Hyderabad
CUST100186,Diya Verma,Premium Member,954,19,Website,Blue,Kolkata
CUST100187,Kiara Das,Business Traveler,540,37,Mobile App,Blue,Pune
CUST100188,Reyansh Kapoor,Business Traveler,16,39,Website,Blue,Mumbai
CUST100189,Ananya Mehta,Family Vacation,389,21,Mobile App,Silver,Hyderabad
CUST100190,Ayaan Das,Budget Solo,567,8,Website,Blue,Hyderabad
CUST100191,Aarav Khan,Premium Member,1540,28,Website,Blue,Agra
CUST100192,Diya Pillai,First-Time User,1866,5,Website,Silver,Hyderabad
CUST100193,Krishna Iyer,Couple Leisure,395,17,Call Center,Gold,Delhi
CUST100194,Krishna Singh,Family Vacation,1661,37,Website,Gold,Kochi
CUST100195,Anika Mishra,Family Vacation,28,36,Partner Desk,Gold,Hyderabad
CUST100196,Sara Pillai,Couple Leisure,518,19,Call Center,Gold,Goa
CUST100197,Aarav Nair,Premium Member,2023,27,Website,Blue,Pune
CUST100198,Krishna Patel,Premium Member,144,34,Website,Gold,Goa
CUST100199,Meera Gupta,Premium Member,852,11,Mobile App,Blue,Jaipur
CUST100200,Vivaan Nair,Couple Leisure,2055,12,Mobile App,Silver,Ahmedabad
CUST100201,Ira Bose,Budget Solo,42,21,Mobile App,Silver,Varanasi
CUST100202,Ananya Pillai,Budget Solo,2128,11,Mobile App,Blue,Mumbai
CUST100203,Myra Nair,Premium Member,1267,39,Mobile App,Gold,Kolkata
CUST100204,Diya Khan,Couple Leisure,275,28,Call Center,Gold,Varanasi
CUST100205,Krishna Verma,Budget Solo,2061,5,Partner Desk,Blue,Hyderabad
CUST100206,Myra Sharma,Budget Solo,1487,17,Website,Gold,Ahmedabad
CUST100207,Anika Khan,Couple Leisure,1462,20,Mobile App,Blue,Bengaluru
CUST100208,Ananya Bose,Budget Solo,474,41,Mobile App,Silver,Bengaluru
CUST100209,Aditya Pillai,Budget Solo,315,12,Mobile App,Silver,Mumbai
CUST100210,Ira Pillai,Business Traveler,644,6,Mobile App,Silver,Jaipur
CUST100211,Vihaan Mehta,Couple Leisure,284,17,Mobile App,Gold,Bengaluru
CUST100212,Anika Mehta,Couple Leisure,2008,19,Mobile App,Gold,Ahmedabad
CUST100213,Myra Pillai,Family Vacation,1643,26,Partner Desk,Gold,Kochi
CUST100214,Diya Mehta,Couple Leisure,1816,44,Website,Blue,Shimla
CUST100215,Sara Reddy,Family Vacation,876,44,Mobile App,Gold,Goa
CUST100216,Reyansh Bose,Family Vacation,1295,32,Mobile App,Blue,Kochi
CUST100217,Diya Patel,Couple Leisure,2195,6,Mobile App,Gold,Chennai
CUST100218,Ira Mehta,Couple Leisure,1814,36,Mobile App,Blue,Delhi
CUST100219,Diya Sharma,Premium Member,1721,38,Call Center,Blue,Ahmedabad
CUST100220,Ishaan Mehta,Couple Leisure,590,11,Mobile App,Silver,Manali
CUST100221,Reyansh Bose,Business Traveler,2018,33,Mobile App,Blue,Udaipur
CUST100222,Meera Pillai,Budget Solo,1322,24,Mobile App,Blue,Bengaluru
CUST100223,Aadhya Kapoor,Family Vacation,1971,23,Mobile App,Blue,Kolkata
CUST100224,Aadhya Khan,Family Vacation,2035,15,Website,Blue,Hyderabad
CUST100225,Anika Jain,Family Vacation,1670,27,Website,Blue,Kolkata
CUST100226,Sai Iyer,First-Time User,1594,11,Website,Blue,Ahmedabad
CUST100227,Ishaan Pillai,Family Vacation,1862,17,Mobile App,Blue,Pune
CUST100228,Aditya Das,Premium Member,1405,14,Mobile App,Blue,Delhi
CUST100229,Ishaan Das,Couple Leisure,1757,27,Mobile App,Silver,Goa
CUST100230,Reyansh Reddy,Premium Member,1940,18,Website,Blue,Jaipur
CUST100231,Aarav Verma,Business Traveler,634,28,Mobile App,Platinum,Ahmedabad
CUST100232,Ayaan Jain,Business Traveler,1289,4,Mobile App,Gold,Delhi
CUST100233,Ira Iyer,Business Traveler,971,7,Website,Blue,Udaipur
CUST100234,Aadhya Bose,Budget Solo,1954,35,Website,Gold,Chennai
CUST100235,Meera Khan,Couple Leisure,983,9,Mobile App,Gold,Agra
CUST100236,Diya Jain,Family Vacation,1331,8,Mobile App,Platinum,Shimla
CUST100237,Diya Das,Budget Solo,1058,17,Mobile App,Silver,Bengaluru
CUST100238,Arjun Sharma,Couple Leisure,296,17,Website,Blue,Jaipur
CUST100239,Vihaan Bose,Budget Solo,2181,33,Mobile App,Silver,Jaipur
CUST100240,Ayaan Patel,First-Time User,1073,32,Call Center,Silver,Bengaluru
CUST100241,Anika Kapoor,First-Time User,212,8,Mobile App,Silver,Bengaluru
CUST100242,Vivaan Das,First-Time User,1097,19,Call Center,Blue,Bengaluru
CUST100243,Vihaan Kapoor,Family Vacation,1199,38,Website,Gold,Bengaluru
CUST100244,Arjun Kapoor,Budget Solo,1023,3,Mobile App,Platinum,Bengaluru
CUST100245,Anika Pillai,First-Time User,1244,5,Website,Blue,Jaipur
CUST100246,Aadhya Bose,Business Traveler,1050,13,Mobile App,Blue,Mumbai
CUST100247,Sara Kapoor,First-Time User,504,31,Call Center,Blue,Mumbai
CUST100248,Sai Jain,First-Time User,290,16,Website,Gold,Ahmedabad
CUST100249,Aadhya Gupta,Premium Member,1254,32,Mobile App,Silver,Kolkata
CUST100250,Ayaan Gupta,Family Vacation,1289,22,Website,Silver,Mumbai
CUST100251,Anika Jain,Family Vacation,140,29,Call Center,Blue,Udaipur
CUST100252,Ayaan Gupta,Premium Member,231,22,Mobile App,Silver,Mumbai
CUST100253,Aadhya Iyer,Family Vacation,1223,43,Mobile App,Blue,Jaipur
CUST100254,Ishaan Das,Budget Solo,1261,3,Website,Silver,Bengaluru
CUST100255,Krishna Pillai,Business Traveler,933,10,Website,Gold,Ahmedabad
CUST100256,Saanvi Iyer,First-Time User,1332,42,Mobile App,Platinum,Kochi
CUST100257,Arjun Reddy,Couple Leisure,1676,21,Mobile App,Platinum,Hyderabad
CUST100258,Ayaan Mishra,Business Traveler,322,16,Mobile App,Platinum,Varanasi
CUST100259,Arjun Khan,Budget Solo,1374,12,Mobile App,Blue,Hyderabad
CUST100260,Aditya Bose,Couple Leisure,1984,2,Mobile App,Silver,Shimla
CUST100261,Myra Pillai,First-Time User,906,41,Call Center,Silver,Udaipur
CUST100262,Sara Kapoor,Budget Solo,389,24,Mobile App,Gold,Pune
CUST100263,Myra Verma,Business Traveler,2048,35,Website,Blue,Jaipur
CUST100264,Reyansh Bose,Premium Member,1379,30,Mobile App,Blue,Goa
CUST100265,Diya Sharma,Couple Leisure,143,30,Mobile App,Blue,Ahmedabad
CUST100266,Meera Mishra,Couple Leisure,1029,35,Mobile App,Silver,Kochi
CUST100267,Kiara Sharma,Couple Leisure,1814,19,Mobile App,Blue,Varanasi
CUST100268,Ananya Mehta,Family Vacation,1396,8,Website,Blue,Delhi
CUST100269,Diya Bose,Family Vacation,531,26,Partner Desk,Blue,Kolkata
CUST100270,Sara Das,Premium Member,1533,40,Website,Blue,Varanasi
CUST100271,Kiara Das,Premium Member,100,7,Call Center,Gold,Manali
CUST100272,Krishna Bose,Premium Member,1213,30,Partner Desk,Blue,Goa
CUST100273,Kiara Sharma,First-Time User,1157,7,Website,Silver,Jaipur
CUST100274,Diya Pillai,Business Traveler,2008,3,Website,Silver,Mumbai
CUST100275,Diya Patel,Business Traveler,2176,1,Website,Gold,Bengaluru
CUST100276,Aadhya Reddy,Premium Member,317,36,Mobile App,Blue,Ahmedabad
CUST100277,Ira Sharma,Couple Leisure,602,25,Website,Platinum,Manali
CUST100278,Diya Sharma,Couple Leisure,1001,37,Mobile App,Silver,Manali
CUST100279,Aditya Bose,Premium Member,1878,1,Website,Platinum,Agra
CUST100280,Arjun Kapoor,Premium Member,359,15,Website,Gold,Goa
CUST100281,Sai Verma,Family Vacation,828,37,Mobile App,Blue,Delhi
CUST100282,Krishna Mishra,Family Vacation,2002,13,Mobile App,Blue,Pune
CUST100283,Saanvi Khan,Budget Solo,1325,40,Partner Desk,Blue,Hyderabad
CUST100284,Aadhya Pillai,Business Traveler,2014,8,Website,Silver,Pune
CUST100285,Saanvi Mishra,Budget Solo,1692,5,Mobile App,Blue,Varanasi
CUST100286,Krishna Bose,Business Traveler,1342,9,Website,Blue,Delhi
CUST100287,Krishna Iyer,Business Traveler,1107,1,Website,Silver,Bengaluru
CUST100288,Kiara Sharma,Family Vacation,1024,36,Mobile App,Blue,Mumbai
CUST100289,Sara Verma,Couple Leisure,718,35,Call Center,Blue,Delhi
CUST100290,Ananya Das,Budget Solo,589,2,Website,Blue,Kolkata
CUST100291,Aditya Verma,Budget Solo,1623,40,Mobile App,Blue,Delhi
CUST100292,Aarav Das,Premium Member,1127,23,Website,Blue,Agra
CUST100293,Reyansh Sharma,Family Vacation,702,9,Partner Desk,Silver,Jaipur
CUST100294,Ira Reddy,Budget Solo,503,34,Mobile App,Silver,Mumbai
CUST100295,Ayaan Reddy,Business Traveler,1362,14,Mobile App,Gold,Ahmedabad
CUST100296,Kiara Nair,Premium Member,508,4,Mobile App,Silver,Bengaluru
CUST100297,Meera Khan,Family Vacation,1682,30,Website,Silver,Kochi
CUST100298,Aadhya Gupta,Couple Leisure,1652,31,Website,Blue,Shimla
CUST100299,Ananya Patel,Budget Solo,33,38,Website,Gold,Hyderabad
CUST100300,Ira Nair,Budget Solo,1015,11,Call Center,Gold,Manali
CUST100301,Sai Mehta,Business Traveler,865,35,Website,Gold,Hyderabad
CUST100302,Vihaan Sharma,Business Traveler,1403,8,Mobile App,Silver,Kochi
CUST100303,Ishaan Mishra,Couple Leisure,1369,3,Mobile App,Blue,Delhi
CUST100304,Diya Khan,Couple Leisure,1382,14,Mobile App,Blue,Jaipur
CUST100305,Aditya Das,First-Time User,836,13,Mobile App,Blue,Goa
CUST100306,Vihaan Mehta,Business Traveler,469,32,Website,Platinum,Pune
CUST100307,Ira Nair,Family Vacation,1639,34,Partner Desk,Silver,Pune
CUST100308,Meera Verma,Premium Member,725,19,Mobile App,Silver,Ahmedabad
CUST100309,Ananya Bose,Family Vacation,931,38,,Blue,Pune
CUST100310,Ananya Iyer,Business Traveler,1511,16,Website,Gold,Agra
CUST100311,Anika Pillai,Budget Solo,1455,2,Mobile App,Blue,Goa
CUST100312,Aarav Bose,Budget Solo,319,40,Mobile App,Blue,Jaipur
CUST100313,Kiara Nair,First-Time User,750,17,Mobile App,Blue,Shimla
CUST100314,Myra Singh,Premium Member,1978,34,Mobile App,Silver,Pune
CUST100315,Aadhya Reddy,Couple Leisure,2164,42,Call Center,Silver,Kolkata
CUST100316,Myra Patel,Business Traveler,2024,16,Mobile App,Gold,Goa
CUST100317,Anika Gupta,Budget Solo,976,38,Mobile App,Blue,Goa
CUST100318,Ira Jain,Budget Solo,1041,2,Mobile App,Silver,Bengaluru
CUST100319,Aadhya Bose,Family Vacation,2147,2,Call Center,Silver,Bengaluru
CUST100320,Meera Gupta,Business Traveler,1488,26,Mobile App,Blue,Mumbai
CUST100321,Saanvi Das,Couple Leisure,1962,13,Mobile App,Gold,Kolkata
CUST100322,Aditya Gupta,Couple Leisure,1192,31,Mobile App,Gold,Manali
CUST100323,Aadhya Das,Family Vacation,679,34,Mobile App,Silver,Kolkata
CUST100324,Aadhya Mishra,First-Time User,26,39,Mobile App,Gold,Shimla
CUST100325,Saanvi Sharma,Couple Leisure,1171,3,Website,Silver,Shimla
CUST100326,Kiara Pillai,Business Traveler,318,8,Mobile App,Blue,Mumbai
CUST100327,Sai Jain,Couple Leisure,1778,23,Mobile App,Silver,Manali
CUST100328,Reyansh Singh,Business Traveler,57,14,Website,Blue,Kolkata
CUST100329,Krishna Pillai,Family Vacation,958,27,Mobile App,Blue,Varanasi
CUST100330,Krishna Gupta,Family Vacation,1364,29,Mobile App,Blue,Udaipur
CUST100331,Sara Sharma,Couple Leisure,905,39,Mobile App,Silver,Chennai
CUST100332,Anika Khan,Budget Solo,1019,39,Call Center,Silver,Pune
CUST100333,Aditya Das,Budget Solo,35,1,Mobile App,Blue,Shimla
CUST100334,Myra Jain,Budget Solo,421,17,Partner Desk,Silver,Varanasi
CUST100335,Sara Das,Budget Solo,1029,41,Website,Gold,Shimla
CUST100336,Kiara Jain,Premium Member,350,30,Mobile App,Blue,Bengaluru
CUST100337,Aadhya Sharma,Couple Leisure,1853,13,Call Center,Blue,Mumbai
CUST100338,Aditya Mehta,Business Traveler,1162,21,Mobile App,Gold,Mumbai
CUST100339,Ayaan Mishra,Budget Solo,1842,19,Mobile App,Blue,Kolkata
CUST100340,Ayaan Mehta,Business Traveler,729,19,Website,Silver,Goa
CUST100341,Meera Singh,Business Traveler,65,25,Website,Blue,Kochi
CUST100342,Kiara Singh,Budget Solo,338,22,Website,Silver,Hyderabad
CUST100343,Myra Pillai,Business Traveler,803,31,Mobile App,Silver,Ahmedabad
CUST100344,Ananya Kapoor,Family Vacation,155,17,Mobile App,Silver,Agra
CUST100345,Krishna Mehta,Couple Leisure,484,23,Website,Gold,Manali
CUST100346,Krishna Das,Couple Leisure,801,32,Mobile App,Gold,Delhi
CUST100347,Vihaan Khan,Budget Solo,1840,10,Mobile App,Gold,Delhi
CUST100348,Saanvi Nair,Family Vacation,1372,10,Mobile App,Silver,Mumbai
CUST100349,Sara Patel,Couple Leisure,1931,36,Mobile App,Blue,Manali
CUST100350,Reyansh Khan,Business Traveler,978,8,Partner Desk,Silver,Pune
CUST100351,Kiara Gupta,Premium Member,387,20,Mobile App,Blue,Ahmedabad
CUST100352,Meera Mehta,Couple Leisure,1707,32,Call Center,Gold,Udaipur
CUST100353,Vihaan Khan,Budget Solo,1194,14,Mobile App,Blue,Shimla
CUST100354,Ishaan Das,Budget Solo,1686,28,Website,Silver,Pune
CUST100355,Ananya Patel,Couple Leisure,120,24,Mobile App,Blue,Mumbai
CUST100356,Ishaan Sharma,Budget Solo,1458,15,Mobile App,Gold,Pune
CUST100357,Sara Reddy,Couple Leisure,1696,22,Mobile App,Gold,Varanasi
CUST100358,Krishna Verma,First-Time User,16,30,Mobile App,Blue,Bengaluru
CUST100359,Vivaan Mehta,Business Traveler,2152,4,Mobile App,Gold,Pune
CUST100360,Arjun Jain,Family Vacation,364,13,Call Center,Blue,Ahmedabad
CUST100361,Vihaan Sharma,Couple Leisure,1301,23,Website,Silver,Kolkata
CUST100362,Meera Mehta,Business Traveler,1077,8,Mobile App,Gold,Kolkata
CUST100363,Kiara Jain,Business Traveler,459,18,Mobile App,Blue,Udaipur
CUST100364,Aadhya Pillai,First-Time User,966,12,Mobile App,Platinum,Shimla
CUST100365,Sai Verma,Family Vacation,50,31,Mobile App,Blue,Bengaluru
CUST100366,Krishna Jain,First-Time User,1122,14,Website,Blue,Hyderabad
CUST100367,Vihaan Iyer,First-Time User,1490,34,Call Center,Gold,Manali
CUST100368,Diya Jain,Budget Solo,1813,18,Mobile App,Blue,Goa
CUST100369,Aditya Verma,Budget Solo,1860,34,,Platinum,Kochi
CUST100370,Arjun Reddy,Budget Solo,1423,11,Mobile App,Platinum,Bengaluru
CUST100371,Meera Mehta,Budget Solo,1210,41,Website,Blue,Jaipur
CUST100372,Aditya Das,Budget Solo,1414,12,,Silver,Chennai
CUST100373,Vihaan Bose,Couple Leisure,1723,15,Website,Blue,Kochi
CUST100374,Ira Das,Budget Solo,1400,31,Website,Blue,Mumbai
CUST100375,Anika Mishra,Family Vacation,1315,29,Mobile App,Blue,Kochi
CUST100376,Aadhya Kapoor,Premium Member,1258,26,Website,Blue,Jaipur
CUST100377,Ishaan Bose,Budget Solo,535,18,Mobile App,Blue,Udaipur
CUST100378,Ishaan Verma,Premium Member,1821,32,Website,Blue,Jaipur
CUST100379,Ira Nair,Family Vacation,24,22,Mobile App,Platinum,Varanasi
CUST100380,Reyansh Khan,Budget Solo,998,38,Mobile App,Gold,Shimla
CUST100381,Krishna Iyer,Couple Leisure,1671,17,Partner Desk,Silver,Kolkata
CUST100382,Sai Das,Couple Leisure,1675,23,,Silver,Pune
CUST100383,Sai Iyer,Premium Member,734,24,Website,Gold,Ahmedabad
CUST100384,Sai Sharma,Couple Leisure,1087,8,Mobile App,Blue,Goa
CUST100385,Myra Kapoor,Premium Member,873,41,Website,Silver,Manali
CUST100386,Ira Jain,Family Vacation,1331,6,Mobile App,Platinum,Delhi
CUST100387,Ishaan Verma,Budget Solo,1618,5,Website,Blue,Manali
CUST100388,Ayaan Mehta,Couple Leisure,64,44,Mobile App,Silver,Mumbai
CUST100389,Ishaan Kapoor,Premium Member,160,29,Call Center,Gold,Kochi
CUST100390,Aditya Das,First-Time User,929,28,Call Center,Gold,Shimla
CUST100391,Krishna Khan,Business Traveler,1477,11,Website,Silver,Delhi
CUST100392,Myra Nair,Family Vacation,595,1,Mobile App,Blue,Pune
CUST100393,Sara Das,Premium Member,1599,43,Mobile App,Blue,Kolkata
CUST100394,Arjun Gupta,Family Vacation,497,19,Website,Blue,Shimla
CUST100395,Arjun Iyer,First-Time User,1264,9,Mobile App,Gold,Manali
CUST100396,Vivaan Patel,Premium Member,687,27,Website,Blue,Kolkata
CUST100397,Ishaan Mehta,Business Traveler,645,34,Mobile App,Gold,Pune
CUST100398,Aadhya Nair,Couple Leisure,676,44,Mobile App,Blue,Mumbai
CUST100399,Aadhya Mehta,Couple Leisure,1002,4,Partner Desk,Blue,Manali
CUST100400,Diya Gupta,Budget Solo,1561,36,Website,Silver,Delhi
CUST100401,Anika Jain,First-Time User,664,18,Mobile App,Silver,Manali
CUST100402,Aadhya Iyer,Business Traveler,983,15,Mobile App,Blue,Bengaluru
CUST100403,Ira Verma,Premium Member,1115,13,Mobile App,Blue,Kolkata
CUST100404,Myra Pillai,Family Vacation,455,19,Website,Silver,Delhi
CUST100405,Ira Gupta,Premium Member,935,6,Mobile App,Blue,Shimla
CUST100406,Aarav Iyer,Family Vacation,784,12,Call Center,Blue,Hyderabad
CUST100407,Ayaan Sharma,Budget Solo,1358,37,Partner Desk,Gold,Kochi
CUST100408,Krishna Verma,First-Time User,1841,17,Mobile App,Silver,Delhi
CUST100409,Sai Jain,Budget Solo,277,23,Website,Blue,Hyderabad
CUST100410,Anika Kapoor,Family Vacation,1592,26,Mobile App,Gold,Hyderabad
CUST100411,Krishna Patel,First-Time User,1013,29,Mobile App,Platinum,Kolkata
CUST100412,Meera Bose,First-Time User,714,33,Call Center,Silver,Mumbai
CUST100413,Kiara Iyer,Business Traveler,1618,27,Mobile App,Silver,Shimla
CUST100414,Kiara Singh,Couple Leisure,1256,25,Mobile App,Gold,Udaipur
CUST100415,Myra Pillai,Business Traveler,1140,10,Mobile App,Platinum,Kolkata
CUST100416,Saanvi Nair,Family Vacation,1205,23,Mobile App,Gold,Kochi
CUST100417,Sai Pillai,Family Vacation,1020,21,Website,Blue,Ahmedabad
CUST100418,Myra Jain,Couple Leisure,50,21,Website,Silver,Varanasi
CUST100419,Ishaan Mishra,Couple Leisure,758,43,Website,Silver,Kochi
CUST100420,Sara Verma,Premium Member,1779,13,Website,Blue,Varanasi
CUST100421,Aadhya Iyer,Premium Member,367,37,Mobile App,Blue,Mumbai
CUST100422,Saanvi Gupta,Budget Solo,1937,33,Mobile App,Gold,Ahmedabad
CUST100423,Saanvi Nair,Business Traveler,87,24,Mobile App,Silver,Mumbai
CUST100424,Diya Sharma,Budget Solo,1391,44,Mobile App,Blue,Shimla
CUST100425,Sara Kapoor,Business Traveler,1929,11,Mobile App,Silver,Manali
CUST100426,Myra Verma,Business Traveler,1108,17,Mobile App,Blue,Jaipur
CUST100427,Reyansh Singh,Premium Member,722,4,Mobile App,Blue,Pune
CUST100428,Ira Jain,Family Vacation,1819,25,Mobile App,Gold,Pune
CUST100429,Aadhya Verma,Budget Solo,970,30,Call Center,Blue,Kochi
CUST100430,Reyansh Gupta,Budget Solo,174,9,Call Center,Blue,Pune
CUST100431,Sara Reddy,Premium Member,1750,21,Website,Platinum,Ahmedabad
CUST100432,Ishaan Kapoor,Couple Leisure,1600,20,Call Center,Blue,Chennai
CUST100433,Kiara Nair,Budget Solo,81,19,Website,Blue,Agra
CUST100434,Aarav Das,Budget Solo,72,19,Website,Platinum,Varanasi
CUST100435,Sai Mehta,Couple Leisure,356,12,Mobile App,Silver,Kolkata
CUST100436,Sara Sharma,Budget Solo,1168,37,Website,Silver,Mumbai
CUST100437,Sara Bose,Premium Member,1210,42,Website,Gold,Jaipur
CUST100438,Aditya Das,Couple Leisure,1247,17,Website,Blue,Manali
CUST100439,Vihaan Kapoor,Budget Solo,1509,37,Website,Silver,Hyderabad
CUST100440,Vihaan Reddy,Budget Solo,1836,39,Mobile App,Silver,Varanasi
CUST100441,Kiara Mehta,First-Time User,130,28,Website,Gold,Udaipur
CUST100442,Anika Gupta,Family Vacation,676,41,Call Center,Silver,Udaipur
CUST100443,Myra Jain,Family Vacation,1480,35,Mobile App,Silver,Hyderabad
CUST100444,Kiara Das,Premium Member,1883,18,Website,Silver,Delhi
CUST100445,Aadhya Reddy,First-Time User,1031,14,Mobile App,Silver,Shimla
CUST100446,Diya Khan,First-Time User,325,35,Website,Gold,Delhi
CUST100447,Ira Reddy,Couple Leisure,222,44,Website,Silver,Pune
CUST100448,Aditya Gupta,Family Vacation,647,41,Mobile App,Silver,Kolkata
CUST100449,Myra Pillai,Budget Solo,2117,7,Website,Silver,Manali
CUST100450,Anika Gupta,Premium Member,671,41,,Silver,Chennai
CUST100451,Aarav Mehta,Business Traveler,1438,13,Website,Silver,Jaipur
CUST100452,Ishaan Jain,Business Traveler,1946,18,Mobile App,Gold,Udaipur
CUST100453,Arjun Kapoor,First-Time User,1694,37,Website,Silver,Agra
CUST100454,Sara Jain,Budget Solo,251,13,Mobile App,Gold,Kochi
CUST100455,Ananya Pillai,Business Traveler,362,36,Website,Gold,Pune
CUST100456,Sara Mishra,Budget Solo,644,31,Mobile App,Silver,Goa
CUST100457,Aadhya Pillai,Business Traveler,1555,2,Website,Silver,Pune
CUST100458,Reyansh Das,Budget Solo,2018,16,Call Center,Gold,Kochi
CUST100459,Meera Mishra,Budget Solo,1286,9,Call Center,Silver,Goa
CUST100460,Ayaan Bose,Budget Solo,378,9,Website,Gold,Bengaluru
CUST100461,Vivaan Pillai,Couple Leisure,300,38,Website,Silver,Mumbai
CUST100462,Kiara Mishra,Couple Leisure,163,11,Mobile App,Silver,Agra
CUST100463,Diya Reddy,Couple Leisure,1122,22,Mobile App,Blue,Hyderabad
CUST100464,Kiara Verma,First-Time User,470,33,Mobile App,Blue,Mumbai
CUST100465,Arjun Pillai,Family Vacation,1781,36,Website,Platinum,Pune
CUST100466,Vihaan Kapoor,Family Vacation,814,23,Partner Desk,Silver,Mumbai
CUST100467,Vihaan Kapoor,Premium Member,1199,34,Mobile App,Silver,Jaipur
CUST100468,Aarav Reddy,Family Vacation,1027,9,Call Center,Platinum,Bengaluru
CUST100469,Myra Reddy,First-Time User,1538,24,Website,Silver,Chennai
CUST100470,Aditya Jain,Budget Solo,495,8,Website,Silver,Bengaluru
CUST100471,Krishna Pillai,First-Time User,1701,7,Mobile App,Gold,Manali
CUST100472,Ira Mishra,Budget Solo,2176,36,Mobile App,Silver,Kochi
CUST100473,Aditya Pillai,Premium Member,1616,18,Mobile App,Blue,Udaipur
CUST100474,Sara Mishra,Business Traveler,355,3,Website,Silver,Jaipur
CUST100475,Saanvi Jain,First-Time User,2025,28,Mobile App,Silver,Agra
CUST100476,Sara Verma,Budget Solo,1881,6,Mobile App,Blue,Manali
CUST100477,Ira Iyer,Business Traveler,849,44,Website,Silver,Mumbai
CUST100478,Ayaan Mehta,First-Time User,1218,44,Website,Blue,Agra
CUST100479,Ayaan Iyer,Business Traveler,1740,21,Call Center,Blue,Varanasi
CUST100480,Myra Nair,Couple Leisure,1704,28,Mobile App,Blue,Shimla
CUST100481,Vihaan Kapoor,Couple Leisure,325,40,Mobile App,Blue,Kochi
CUST100482,Sai Mehta,Business Traveler,276,1,Website,Silver,Manali
CUST100483,Aarav Verma,Couple Leisure,1457,36,Mobile App,Gold,Chennai
CUST100484,Saanvi Verma,Couple Leisure,420,21,Mobile App,Silver,Mumbai
CUST100485,Ishaan Singh,First-Time User,356,43,Mobile App,Blue,Kolkata
CUST100486,Ananya Bose,Budget Solo,1354,35,Mobile App,Blue,Varanasi
CUST100487,Arjun Das,Family Vacation,258,13,Mobile App,Blue,Kolkata
CUST100488,Anika Bose,First-Time User,504,10,Mobile App,Silver,Delhi
CUST100489,Meera Patel,Premium Member,26,44,Mobile App,Blue,Bengaluru
CUST100490,Sai Patel,Business Traveler,575,10,Mobile App,Silver,Chennai
CUST100491,Aditya Mishra,Couple Leisure,56,13,Website,Blue,Kolkata
CUST100492,Ira Das,Family Vacation,608,37,Website,Gold,Delhi
CUST100493,Kiara Reddy,Budget Solo,1467,38,Website,Blue,Jaipur
CUST100494,Ayaan Kapoor,Business Traveler,1841,24,Mobile App,Blue,Agra
CUST100495,Krishna Kapoor,Family Vacation,1708,2,Mobile App,Gold,Varanasi
CUST100496,Krishna Sharma,Couple Leisure,148,22,Website,Blue,Ahmedabad
CUST100497,Aadhya Mehta,Budget Solo,962,17,Website,Blue,Chennai
CUST100498,Sara Patel,First-Time User,87,36,Mobile App,Silver,Delhi
CUST100499,Aditya Kapoor,First-Time User,413,14,Mobile App,Silver,Hyderabad
CUST100500,Ananya Mehta,Couple Leisure,1443,10,Partner Desk,Silver,Agra
CUST100501,Myra Gupta,Business Traveler,144,35,Mobile App,Blue,Chennai
CUST100502,Aadhya Mehta,Family Vacation,1826,25,Mobile App,Blue,Ahmedabad
CUST100503,Reyansh Mishra,Premium Member,2016,3,Website,Blue,Pune
CUST100504,Kiara Nair,Couple Leisure,280,38,Mobile App,Blue,Agra
CUST100505,Ayaan Mishra,Budget Solo,1575,17,Mobile App,Gold,Manali
CUST100506,Meera Singh,First-Time User,2000,12,,Silver,Delhi
CUST100507,Meera Mehta,Premium Member,807,24,Website,Blue,Ahmedabad
CUST100508,Ishaan Sharma,First-Time User,1327,29,Mobile App,Silver,Mumbai
CUST100509,Diya Gupta,Couple Leisure,178,43,Mobile App,Blue,Pune
CUST100510,Aarav Verma,Couple Leisure,109,25,Mobile App,Gold,Shimla
CUST100511,Ira Jain,Business Traveler,1820,36,Website,Blue,Hyderabad
CUST100512,Ishaan Das,First-Time User,1148,26,Mobile App,Blue,Kochi
CUST100513,Ira Singh,Premium Member,836,38,Call Center,Silver,Kolkata
CUST100514,Ayaan Khan,Budget Solo,252,1,Mobile App,Silver,Goa
CUST100515,Ira Gupta,Budget Solo,1975,20,,Silver,Delhi
CUST100516,Arjun Nair,Family Vacation,1063,28,Call Center,Blue,Jaipur
CUST100517,Vivaan Mehta,Premium Member,1691,16,Mobile App,Blue,Delhi
CUST100518,Aadhya Verma,First-Time User,978,17,Mobile App,Silver,Goa
CUST100519,Meera Singh,Budget Solo,551,40,Mobile App,Blue,Varanasi
CUST100520,Arjun Iyer,Couple Leisure,1618,28,Mobile App,Gold,Ahmedabad
CUST100521,Ishaan Pillai,Family Vacation,1994,12,Website,Blue,Hyderabad
CUST100522,Myra Patel,First-Time User,142,27,Mobile App,Silver,Hyderabad
CUST100523,Reyansh Reddy,Premium Member,106,42,Mobile App,Silver,Pune
CUST100524,Sara Singh,Premium Member,557,30,Mobile App,Blue,Ahmedabad
CUST100525,Anika Gupta,Business Traveler,860,41,Partner Desk,Silver,Kochi
CUST100526,Sai Gupta,Business Traveler,1696,34,Mobile App,Gold,Chennai
CUST100527,Kiara Mehta,Family Vacation,1866,37,Mobile App,Blue,Jaipur
CUST100528,Saanvi Nair,Budget Solo,404,6,Mobile App,Gold,Pune
CUST100529,Aadhya Iyer,Premium Member,1899,7,Partner Desk,Silver,Kochi
CUST100530,Arjun Das,Premium Member,57,32,Website,Blue,Jaipur
CUST100531,Diya Singh,First-Time User,268,32,Mobile App,Blue,Jaipur
CUST100532,Aditya Mishra,First-Time User,1098,25,Mobile App,Blue,Goa
CUST100533,Aarav Gupta,Business Traveler,1555,33,Mobile App,Silver,Pune
CUST100534,Sara Nair,Premium Member,1968,7,Mobile App,Gold,Jaipur
CUST100535,Aadhya Singh,First-Time User,656,12,Call Center,Gold,Udaipur
CUST100536,Krishna Mishra,Premium Member,704,16,Website,Platinum,Varanasi
CUST100537,Ananya Nair,Family Vacation,1291,16,Mobile App,Gold,Shimla
CUST100538,Ayaan Jain,Business Traveler,1965,43,Website,Silver,Kochi
CUST100539,Aarav Pillai,Budget Solo,1094,36,Mobile App,Blue,Goa
CUST100540,Ira Das,First-Time User,1501,13,Website,Silver,Agra
CUST100541,Aditya Kapoor,Couple Leisure,471,7,Website,Blue,Hyderabad
CUST100542,Ishaan Bose,Family Vacation,997,36,Mobile App,Silver,Goa
CUST100543,Vihaan Reddy,Couple Leisure,2145,9,Website,Blue,Agra
CUST100544,Vivaan Verma,Couple Leisure,1137,32,Mobile App,Blue,Mumbai
CUST100545,Ishaan Jain,Family Vacation,163,11,Mobile App,Blue,Mumbai
CUST100546,Vihaan Nair,Budget Solo,1367,8,Mobile App,Blue,Jaipur
CUST100547,Ayaan Reddy,Couple Leisure,1194,33,Mobile App,Silver,Manali
CUST100548,Diya Kapoor,Business Traveler,204,23,Website,Silver,Pune
CUST100549,Ananya Bose,Premium Member,897,25,Call Center,Silver,Ahmedabad
CUST100550,Meera Reddy,Business Traveler,414,8,Website,Silver,Shimla
CUST100551,Myra Nair,Premium Member,623,22,Website,Silver,Hyderabad
CUST100552,Kiara Bose,Business Traveler,1810,4,Website,Blue,Goa
CUST100553,Krishna Verma,Business Traveler,1653,40,Mobile App,Blue,Pune
CUST100554,Ananya Khan,Premium Member,1590,3,Mobile App,Silver,Ahmedabad
CUST100555,Aadhya Kapoor,Business Traveler,2163,29,Mobile App,Silver,Goa
CUST100556,Ayaan Singh,Budget Solo,1397,41,Website,Blue,Goa
CUST100557,Vihaan Singh,Budget Solo,1418,29,Call Center,Blue,Udaipur
CUST100558,Sara Singh,Couple Leisure,834,34,Mobile App,Blue,Mumbai
CUST100559,Vivaan Mishra,Couple Leisure,834,34,Website,Silver,Goa
CUST100560,Krishna Khan,Couple Leisure,434,28,Website,Blue,Udaipur
CUST100561,Vihaan Kapoor,Family Vacation,138,13,Website,Silver,Manali
CUST100562,Aditya Khan,Budget Solo,436,15,Mobile App,Gold,Mumbai
CUST100563,Ira Sharma,Budget Solo,1523,23,Mobile App,Blue,Udaipur
CUST100564,Vivaan Pillai,Family Vacation,1612,44,Mobile App,Platinum,Pune
CUST100565,Ayaan Reddy,Couple Leisure,782,26,Mobile App,Silver,Chennai
CUST100566,Meera Khan,Family Vacation,2059,4,Mobile App,Silver,Mumbai
CUST100567,Aditya Khan,Business Traveler,2154,26,Website,Silver,Agra
CUST100568,Meera Khan,First-Time User,1564,40,Mobile App,Silver,Kolkata
CUST100569,Ayaan Pillai,Family Vacation,1779,9,Partner Desk,Silver,Chennai
CUST100570,Arjun Sharma,Business Traveler,2059,5,Mobile App,Blue,Kochi
CUST100571,Krishna Reddy,Premium Member,524,32,Website,Blue,Pune
CUST100572,Arjun Gupta,Family Vacation,1221,20,Mobile App,Blue,Goa
CUST100573,Sai Nair,Couple Leisure,400,11,Mobile App,Blue,Hyderabad
CUST100574,Aarav Reddy,Premium Member,1612,15,Call Center,Blue,Manali
CUST100575,Aarav Singh,First-Time User,756,32,Mobile App,Blue,Shimla
CUST100576,Ayaan Pillai,Budget Solo,1926,28,Mobile App,Blue,Pune
CUST100577,Aarav Patel,First-Time User,1461,22,Website,Silver,Udaipur
CUST100578,Krishna Verma,Business Traveler,915,41,Mobile App,Gold,Manali
CUST100579,Arjun Bose,Family Vacation,2127,17,Mobile App,Platinum,Udaipur
CUST100580,Anika Nair,Business Traveler,2024,26,Mobile App,Silver,Udaipur
CUST100581,Aditya Jain,First-Time User,256,44,Mobile App,Silver,Udaipur
CUST100582,Aadhya Singh,Business Traveler,2035,7,Website,Gold,Pune
CUST100583,Anika Nair,Family Vacation,187,42,Mobile App,Blue,Hyderabad
CUST100584,Aadhya Das,Couple Leisure,686,26,Partner Desk,Blue,Kochi
CUST100585,Ira Verma,Family Vacation,178,25,Website,Platinum,Delhi
CUST100586,Anika Mehta,Budget Solo,479,10,Website,Silver,Manali
CUST100587,Aadhya Sharma,Budget Solo,511,19,Website,Silver,Udaipur
CUST100588,Vivaan Jain,Budget Solo,714,11,Website,Blue,Delhi
CUST100589,Diya Bose,Budget Solo,717,13,Mobile App,Blue,Hyderabad
CUST100590,Vihaan Jain,Budget Solo,1955,8,Partner Desk,Gold,Ahmedabad
CUST100591,Aadhya Iyer,Couple Leisure,1806,40,Website,Silver,Hyderabad
CUST100592,Aditya Pillai,Budget Solo,197,4,Website,Blue,Chennai
CUST100593,Ira Reddy,Family Vacation,643,31,Mobile App,Blue,Mumbai
CUST100594,Aditya Reddy,Premium Member,1746,28,Mobile App,Silver,Kolkata
CUST100595,Krishna Pillai,Business Traveler,560,11,Mobile App,Silver,Shimla
CUST100596,Diya Mehta,Couple Leisure,1602,43,Website,Blue,Jaipur
CUST100597,Aadhya Bose,Budget Solo,638,1,Mobile App,Gold,Kolkata
CUST100598,Vihaan Nair,Budget Solo,608,38,Website,Blue,Pune
CUST100599,Sara Khan,Budget Solo,758,24,Mobile App,Blue,Jaipur
CUST100600,Myra Kapoor,Budget Solo,1783,31,Mobile App,Silver,Hyderabad
CUST100601,Ayaan Bose,Family Vacation,1474,41,Mobile App,Blue,Agra
CUST100602,Saanvi Kapoor,Budget Solo,1963,26,Mobile App,Gold,Kolkata
CUST100603,Diya Bose,Budget Solo,2083,5,Mobile App,Silver,Varanasi
CUST100604,Vihaan Pillai,Budget Solo,119,20,Mobile App,Gold,Bengaluru
CUST100605,Myra Pillai,Business Traveler,31,41,Call Center,Blue,Mumbai
CUST100606,Krishna Singh,Family Vacation,407,11,Mobile App,Blue,Kolkata
CUST100607,Arjun Jain,Family Vacation,439,33,Mobile App,Blue,Shimla
CUST100608,Aditya Iyer,Business Traveler,2191,38,Website,Silver,Mumbai
CUST100609,Aditya Iyer,Couple Leisure,586,27,Partner Desk,Silver,Delhi
CUST100610,Myra Nair,Budget Solo,2091,34,Website,Gold,Pune
CUST100611,Ananya Reddy,Premium Member,1135,15,Mobile App,Silver,Mumbai
CUST100612,Sara Verma,Couple Leisure,256,32,Partner Desk,Gold,Delhi
CUST100613,Meera Pillai,Budget Solo,803,21,Website,Silver,Udaipur
CUST100614,Vihaan Bose,Premium Member,729,5,Mobile App,Blue,Delhi
CUST100615,Ananya Bose,First-Time User,773,6,Mobile App,Blue,Varanasi
CUST100616,Vivaan Mehta,Budget Solo,790,38,Mobile App,Silver,Pune
CUST100617,Ira Mehta,Family Vacation,93,22,Mobile App,Blue,Chennai
CUST100618,Ananya Nair,Premium Member,870,18,Website,Blue,Agra
CUST100619,Meera Khan,Couple Leisure,1454,14,Mobile App,Silver,Udaipur
CUST100620,Arjun Jain,Budget Solo,2149,10,Partner Desk,Gold,Hyderabad
CUST100621,Ayaan Nair,Family Vacation,2163,13,Mobile App,Blue,Ahmedabad
CUST100622,Ananya Singh,Family Vacation,1046,31,Mobile App,Gold,Ahmedabad
CUST100623,Vihaan Gupta,Business Traveler,859,30,Mobile App,Gold,Goa
CUST100624,Meera Das,Couple Leisure,101,3,Mobile App,Silver,Delhi
CUST100625,Myra Sharma,Family Vacation,2105,30,Website,Blue,Delhi
CUST100626,Ira Gupta,Business Traveler,422,6,Website,Blue,Mumbai
CUST100627,Aarav Patel,Couple Leisure,1683,29,Mobile App,Silver,Hyderabad
CUST100628,Krishna Mehta,Budget Solo,162,8,Mobile App,Silver,Kolkata
CUST100629,Saanvi Singh,Family Vacation,246,44,Mobile App,Gold,Bengaluru
CUST100630,Aarav Patel,Couple Leisure,1965,43,Website,Silver,Kochi
CUST100631,Arjun Mishra,Premium Member,380,44,Mobile App,Blue,Jaipur
CUST100632,Aditya Reddy,Business Traveler,1689,33,Mobile App,Blue,Delhi
CUST100633,Aarav Iyer,Business Traveler,450,17,Website,Silver,Agra
CUST100634,Anika Khan,Budget Solo,413,11,Call Center,Blue,Kolkata
CUST100635,Diya Bose,Business Traveler,1249,13,Mobile App,Blue,Manali
CUST100636,Aadhya Pillai,Business Traveler,1429,11,Mobile App,Silver,Bengaluru
CUST100637,Sai Singh,Family Vacation,577,31,Website,Blue,Jaipur
CUST100638,Ishaan Pillai,Family Vacation,1299,28,Website,Blue,Goa
CUST100639,Meera Iyer,Family Vacation,787,44,Mobile App,Blue,Agra
CUST100640,Vivaan Reddy,Budget Solo,2052,6,Call Center,Blue,Kochi
CUST100641,Sai Verma,Family Vacation,1358,41,Website,Blue,Varanasi
CUST100642,Aditya Gupta,Family Vacation,1588,16,Mobile App,Silver,Shimla
CUST100643,Aadhya Bose,Family Vacation,1006,4,Mobile App,Gold,Mumbai
CUST100644,Kiara Kapoor,Budget Solo,1261,35,Mobile App,Blue,Kochi
CUST100645,Myra Gupta,Premium Member,374,26,Website,Gold,Shimla
CUST100646,Reyansh Nair,Couple Leisure,935,12,Mobile App,Blue,Kolkata
CUST100647,Ananya Bose,Couple Leisure,977,11,Website,Silver,Mumbai
CUST100648,Vihaan Mehta,Premium Member,1842,37,Website,Gold,Jaipur
CUST100649,Meera Jain,Business Traveler,1628,25,Mobile App,Silver,Shimla
CUST100650,Anika Mehta,Budget Solo,1655,18,Website,Gold,Ahmedabad
CUST100651,Vivaan Das,Business Traveler,231,19,Call Center,Blue,Ahmedabad
CUST100652,Diya Verma,Couple Leisure,392,23,Mobile App,Blue,Chennai
CUST100653,Aarav Khan,Couple Leisure,133,38,Mobile App,Gold,Delhi
CUST100654,Ishaan Khan,Business Traveler,204,18,Mobile App,Blue,Udaipur
CUST100655,Arjun Gupta,Budget Solo,384,26,Partner Desk,Blue,Bengaluru
CUST100656,Ishaan Pillai,Family Vacation,1816,6,Call Center,Silver,Agra
CUST100657,Vihaan Sharma,Family Vacation,666,4,Mobile App,Gold,Hyderabad
CUST100658,Kiara Bose,Couple Leisure,1897,44,Website,Gold,Pune
CUST100659,Sai Reddy,Business Traveler,1526,29,Mobile App,Blue,Manali
CUST100660,Diya Das,Family Vacation,784,34,Mobile App,Gold,Shimla
CUST100661,Anika Singh,First-Time User,795,17,Mobile App,Blue,Delhi
CUST100662,Aditya Mishra,Couple Leisure,1731,43,Mobile App,Blue,Ahmedabad
CUST100663,Vivaan Bose,Family Vacation,1326,43,Mobile App,Silver,Udaipur
CUST100664,Aarav Kapoor,Budget Solo,1264,16,Mobile App,Blue,Varanasi
CUST100665,Aditya Pillai,Budget Solo,537,2,Mobile App,Blue,Kochi
CUST100666,Meera Bose,Family Vacation,536,34,Partner Desk,Silver,Varanasi
CUST100667,Meera Mishra,Budget Solo,797,8,Mobile App,Blue,Pune
CUST100668,Myra Mehta,Budget Solo,950,13,Mobile App,Blue,Kolkata
CUST100669,Vihaan Mishra,Family Vacation,1703,42,Mobile App,Blue,Agra
CUST100670,Aarav Pillai,Budget Solo,502,8,Website,Silver,Ahmedabad
CUST100671,Sai Kapoor,Premium Member,1865,30,Mobile App,Silver,Pune
CUST100672,Ananya Iyer,Budget Solo,860,32,Mobile App,Gold,Goa
CUST100673,Myra Nair,Business Traveler,2186,36,Call Center,Gold,Ahmedabad
CUST100674,Ayaan Bose,Business Traveler,2018,30,Mobile App,Silver,Ahmedabad
CUST100675,Meera Mishra,First-Time User,1763,1,Mobile App,Gold,Ahmedabad
CUST100676,Anika Iyer,Budget Solo,700,43,Website,Blue,Delhi
CUST100677,Diya Mehta,Family Vacation,2175,39,Mobile App,Blue,Mumbai
CUST100678,Saanvi Das,First-Time User,2184,17,Mobile App,Gold,Chennai
CUST100679,Saanvi Patel,Premium Member,1582,20,Mobile App,Blue,Hyderabad
CUST100680,Aditya Nair,Premium Member,1260,24,Mobile App,Platinum,Mumbai
CUST100681,Anika Khan,Family Vacation,53,22,Mobile App,Silver,Udaipur
CUST100682,Ananya Singh,Budget Solo,794,29,Mobile App,Gold,Varanasi
CUST100683,Arjun Das,Couple Leisure,1271,22,Mobile App,Blue,Delhi
CUST100684,Vihaan Reddy,First-Time User,1942,44,Mobile App,Blue,Chennai
CUST100685,Krishna Khan,Business Traveler,316,9,Website,Blue,Pune
CUST100686,Sai Reddy,Business Traveler,661,37,Mobile App,Silver,Shimla
CUST100687,Aditya Patel,Family Vacation,677,10,Mobile App,Silver,Delhi
CUST100688,Kiara Kapoor,Premium Member,1774,36,Partner Desk,Platinum,Pune
CUST100689,Meera Kapoor,Budget Solo,270,37,Website,Blue,Manali
CUST100690,Meera Pillai,Family Vacation,612,28,Mobile App,Blue,Ahmedabad
CUST100691,Saanvi Reddy,Business Traveler,676,28,Call Center,Blue,Kolkata
CUST100692,Aadhya Iyer,Business Traveler,249,42,Mobile App,Silver,Ahmedabad
CUST100693,Kiara Kapoor,Family Vacation,1383,43,Mobile App,Gold,Goa
CUST100694,Ishaan Gupta,Budget Solo,784,21,Website,Blue,Jaipur
CUST100695,Meera Verma,Couple Leisure,227,24,Mobile App,Silver,Delhi
CUST100696,Ananya Iyer,Family Vacation,477,42,Mobile App,Blue,Udaipur
CUST100697,Ishaan Kapoor,Couple Leisure,297,40,Mobile App,Silver,Pune
CUST100698,Aadhya Verma,Budget Solo,1501,2,Mobile App,Gold,Mumbai
CUST100699,Vivaan Singh,Business Traveler,1445,8,,Blue,Kolkata
CUST100700,Ishaan Iyer,Business Traveler,102,27,Partner Desk,Blue,Udaipur
CUST100701,Aditya Mishra,Budget Solo,1082,22,Mobile App,Platinum,Hyderabad
CUST100702,Aadhya Verma,Family Vacation,475,37,Partner Desk,Gold,Jaipur
CUST100703,Aadhya Khan,Budget Solo,1739,27,Mobile App,Silver,Kolkata
CUST100704,Saanvi Jain,Budget Solo,1391,29,,Silver,Goa
CUST100705,Anika Reddy,First-Time User,529,3,Website,Blue,Jaipur
CUST100706,Vivaan Kapoor,Family Vacation,717,44,Website,Silver,Agra
CUST100707,Vihaan Pillai,Premium Member,1668,13,Mobile App,Gold,Pune
CUST100708,Aditya Patel,Family Vacation,2081,10,Mobile App,Silver,Agra
CUST100709,Vivaan Das,Couple Leisure,37,36,Mobile App,Blue,Udaipur
CUST100710,Aadhya Kapoor,Premium Member,1068,9,Website,Blue,Hyderabad
CUST100711,Anika Patel,Couple Leisure,1845,27,Website,Blue,Ahmedabad
CUST100712,Ananya Singh,Business Traveler,2170,34,Mobile App,Blue,Kochi
CUST100713,Ishaan Mishra,Business Traveler,1319,1,Mobile App,Blue,Bengaluru
CUST100714,Myra Pillai,Family Vacation,1149,32,Mobile App,Blue,Kochi
CUST100715,Ira Verma,First-Time User,2198,25,Website,Blue,Shimla
CUST100716,Saanvi Iyer,Premium Member,376,29,Mobile App,Blue,Goa
CUST100717,Saanvi Nair,First-Time User,2191,7,Website,Silver,Varanasi
CUST100718,Sara Mishra,Budget Solo,1914,3,Call Center,Blue,Agra
CUST100719,Ishaan Gupta,Couple Leisure,1299,20,Mobile App,Blue,Chennai
CUST100720,Ira Reddy,First-Time User,529,20,Mobile App,Blue,Pune
CUST100721,Saanvi Iyer,Budget Solo,463,30,Mobile App,Blue,Bengaluru
CUST100722,Meera Reddy,Budget Solo,1938,35,Mobile App,Silver,Delhi
CUST100723,Ananya Mehta,Couple Leisure,1521,35,Mobile App,Blue,Kochi
CUST100724,Diya Reddy,Business Traveler,1262,39,Mobile App,Gold,Hyderabad
CUST100725,Ira Iyer,Premium Member,1870,27,Partner Desk,Gold,Kochi
CUST100726,Ishaan Mishra,Budget Solo,888,26,Mobile App,Silver,Mumbai
CUST100727,Saanvi Reddy,Premium Member,1443,14,Mobile App,Silver,Chennai
CUST100728,Anika Iyer,Family Vacation,1769,17,Partner Desk,Gold,Manali
CUST100729,Myra Singh,Budget Solo,937,18,Website,Silver,Udaipur
CUST100730,Aarav Singh,Budget Solo,2174,29,Mobile App,Blue,Hyderabad
CUST100731,Ishaan Patel,Premium Member,1051,20,Mobile App,Blue,Manali
CUST100732,Reyansh Pillai,Couple Leisure,1431,27,Mobile App,Gold,Jaipur
CUST100733,Kiara Khan,Business Traveler,328,18,Website,Blue,Kolkata
CUST100734,Ayaan Reddy,Family Vacation,2012,4,Website,Blue,Jaipur
CUST100735,Arjun Iyer,Premium Member,1052,1,Website,Silver,Agra
CUST100736,Ishaan Nair,Family Vacation,1671,1,Mobile App,Gold,Jaipur
CUST100737,Anika Verma,Premium Member,1793,26,Website,Blue,Delhi
CUST100738,Saanvi Reddy,Business Traveler,1029,20,Mobile App,Silver,Agra
CUST100739,Ira Mishra,Family Vacation,1108,23,Mobile App,Blue,Goa
CUST100740,Arjun Patel,Business Traveler,1139,10,Mobile App,Silver,Mumbai
CUST100741,Sai Patel,Family Vacation,712,11,Mobile App,Blue,Chennai
CUST100742,Aadhya Verma,Couple Leisure,2194,41,Mobile App,Blue,Varanasi
CUST100743,Myra Singh,Business Traveler,1419,41,Website,Gold,Goa
CUST100744,Ayaan Kapoor,Family Vacation,1170,5,Call Center,Silver,Hyderabad
CUST100745,Ira Mehta,Premium Member,1058,1,Mobile App,Silver,Manali
CUST100746,Aadhya Das,Family Vacation,1944,17,Mobile App,Blue,Manali
CUST100747,Sara Das,Business Traveler,1028,22,Mobile App,Blue,Jaipur
CUST100748,Ishaan Jain,First-Time User,241,34,Mobile App,Silver,Delhi
CUST100749,Reyansh Singh,Couple Leisure,1843,41,Mobile App,Blue,Kochi
CUST100750,Meera Kapoor,Budget Solo,1507,29,Call Center,Blue,Kochi
CUST100751,Aadhya Mehta,First-Time User,836,4,Mobile App,Blue,Varanasi
CUST100752,Diya Bose,Couple Leisure,2038,5,Mobile App,Silver,Agra
CUST100753,Sai Khan,Family Vacation,885,11,Mobile App,Platinum,Hyderabad
CUST100754,Ira Reddy,Budget Solo,2100,21,Website,Platinum,Kolkata
CUST100755,Krishna Verma,Premium Member,1810,35,Website,Silver,Mumbai
CUST100756,Kiara Singh,Couple Leisure,202,12,Call Center,Blue,Chennai
CUST100757,Sara Nair,Business Traveler,1095,26,Website,Blue,Kolkata
CUST100758,Anika Nair,Premium Member,955,19,Mobile App,Gold,Agra
CUST100759,Ishaan Iyer,Premium Member,540,7,Mobile App,Blue,Delhi
CUST100760,Sai Gupta,Budget Solo,350,7,Website,Platinum,Mumbai
CUST100761,Aadhya Reddy,Family Vacation,1093,26,Mobile App,Blue,Hyderabad
CUST100762,Myra Iyer,Family Vacation,176,40,Mobile App,Platinum,Jaipur
CUST100763,Ayaan Kapoor,Couple Leisure,608,5,Mobile App,Gold,Jaipur
CUST100764,Ananya Sharma,Budget Solo,1953,21,Mobile App,Gold,Pune
CUST100765,Myra Verma,Business Traveler,74,14,Mobile App,Blue,Jaipur
CUST100766,Diya Singh,Premium Member,1916,4,Mobile App,Blue,Bengaluru
CUST100767,Ayaan Mishra,Premium Member,420,23,Website,Blue,Shimla
CUST100768,Aditya Singh,Family Vacation,678,42,Mobile App,Blue,Jaipur
CUST100769,Ayaan Sharma,Premium Member,1147,20,Mobile App,Blue,Shimla
CUST100770,Saanvi Nair,Budget Solo,1114,15,Mobile App,Silver,Bengaluru
CUST100771,Saanvi Reddy,Premium Member,556,29,Mobile App,Blue,Varanasi
CUST100772,Arjun Verma,Budget Solo,1352,8,Mobile App,Silver,Shimla
CUST100773,Ishaan Jain,Family Vacation,1012,41,Mobile App,Silver,Udaipur
CUST100774,Arjun Jain,Premium Member,1155,19,Mobile App,Blue,Bengaluru
CUST100775,Aadhya Sharma,Budget Solo,882,39,Mobile App,Platinum,Mumbai
CUST100776,Aditya Sharma,Family Vacation,2081,28,Mobile App,Blue,Kolkata
CUST100777,Krishna Khan,Couple Leisure,446,27,Mobile App,Blue,Mumbai
CUST100778,Arjun Bose,Couple Leisure,754,4,Mobile App,Silver,Kolkata
CUST100779,Vihaan Mehta,Couple Leisure,1388,15,Mobile App,Gold,Ahmedabad
CUST100780,Ayaan Mehta,Couple Leisure,197,35,Mobile App,Blue,Pune
CUST100781,Vihaan Verma,Business Traveler,2175,37,Website,Blue,Udaipur
CUST100782,Ayaan Bose,Family Vacation,1221,1,Mobile App,Silver,Kolkata
CUST100783,Ira Kapoor,Family Vacation,1184,3,Mobile App,Blue,Kolkata
CUST100784,Aditya Nair,Budget Solo,845,24,Mobile App,Silver,Delhi
CUST100785,Kiara Sharma,First-Time User,1666,27,Website,Gold,Goa
CUST100786,Anika Das,Couple Leisure,1151,40,Partner Desk,Platinum,Goa
CUST100787,Arjun Mehta,Business Traveler,490,36,Website,Blue,Delhi
CUST100788,Myra Sharma,Business Traveler,1341,34,Website,Blue,Jaipur
CUST100789,Ira Singh,First-Time User,985,29,Mobile App,Blue,Shimla
CUST100790,Ayaan Bose,Budget Solo,1034,24,Website,Blue,Delhi
CUST100791,Sai Iyer,Couple Leisure,1156,24,Mobile App,Blue,Kochi
CUST100792,Anika Singh,Business Traveler,1851,42,Mobile App,Blue,Ahmedabad
CUST100793,Aditya Sharma,Couple Leisure,175,4,Mobile App,Platinum,Kolkata
CUST100794,Diya Jain,Budget Solo,212,3,Mobile App,Gold,Kolkata
CUST100795,Vivaan Mishra,Premium Member,1298,34,Partner Desk,Blue,Delhi
CUST100796,Ananya Gupta,First-Time User,674,23,Mobile App,Blue,Delhi
CUST100797,Aarav Singh,Business Traveler,1790,23,Website,Blue,Kochi
CUST100798,Aditya Singh,Couple Leisure,1085,5,Mobile App,Blue,Manali
CUST100799,Ayaan Nair,First-Time User,2025,31,Mobile App,Silver,Jaipur
CUST100800,Meera Pillai,Couple Leisure,413,41,Mobile App,Silver,Mumbai
CUST100801,Arjun Verma,Budget Solo,1748,6,Mobile App,Gold,Udaipur
CUST100802,Ananya Pillai,Business Traveler,1597,37,Website,Silver,Hyderabad
CUST100803,Sai Kapoor,Couple Leisure,2140,10,Website,Silver,Shimla
CUST100804,Kiara Patel,Business Traveler,2186,40,Mobile App,Silver,Kolkata
CUST100805,Arjun Iyer,Couple Leisure,89,7,Website,Blue,Varanasi
CUST100806,Aadhya Verma,First-Time User,2199,39,Mobile App,Silver,Udaipur
CUST100807,Ishaan Khan,First-Time User,616,38,Call Center,Silver,Delhi
CUST100808,Vivaan Khan,Business Traveler,851,21,,Blue,Kochi
CUST100809,Vivaan Pillai,Budget Solo,1543,20,Mobile App,Blue,Jaipur
CUST100810,Ishaan Mishra,First-Time User,514,3,Mobile App,Blue,Bengaluru
CUST100811,Sara Jain,Premium Member,1611,22,Mobile App,Gold,Varanasi
CUST100812,Krishna Verma,Budget Solo,152,4,Mobile App,Blue,Jaipur
CUST100813,Reyansh Mehta,First-Time User,2112,28,Website,Blue,Chennai
CUST100814,Ananya Verma,Premium Member,1809,12,Partner Desk,Blue,Chennai
CUST100815,Saanvi Gupta,Business Traveler,987,38,Website,Silver,Udaipur
CUST100816,Vihaan Singh,Couple Leisure,1657,36,Mobile App,Blue,Goa
CUST100817,Myra Mishra,Family Vacation,1900,41,Mobile App,Platinum,Chennai
CUST100818,Aadhya Mishra,Budget Solo,2043,5,Mobile App,Gold,Chennai
CUST100819,Saanvi Patel,Family Vacation,1915,13,Mobile App,Silver,Mumbai
CUST100820,Kiara Jain,Premium Member,1464,23,,Silver,Bengaluru
CUST100821,Ananya Gupta,Budget Solo,561,30,Mobile App,Blue,Kochi
CUST100822,Aditya Bose,Family Vacation,936,37,Mobile App,Blue,Ahmedabad
CUST100823,Aditya Bose,Family Vacation,595,25,Mobile App,Gold,Mumbai
CUST100824,Ira Patel,Business Traveler,1387,27,Call Center,Blue,Bengaluru
CUST100825,Sara Mehta,First-Time User,1971,14,Mobile App,Blue,Kochi
CUST100826,Saanvi Nair,Family Vacation,2018,36,Mobile App,Silver,Shimla
CUST100827,Aditya Pillai,Family Vacation,2111,39,Mobile App,Blue,Shimla
CUST100828,Ishaan Mehta,Couple Leisure,718,16,Mobile App,Platinum,Pune
CUST100829,Aadhya Bose,Business Traveler,1640,22,Mobile App,Blue,Hyderabad
CUST100830,Sai Kapoor,Family Vacation,652,21,Mobile App,Gold,Kolkata
CUST100831,Ananya Kapoor,Business Traveler,1024,21,Website,Silver,Manali
CUST100832,Vivaan Singh,Budget Solo,655,8,Mobile App,Gold,Ahmedabad
CUST100833,Ira Bose,Budget Solo,1876,16,Website,Blue,Ahmedabad
CUST100834,Krishna Verma,Business Traveler,1220,31,Call Center,Silver,Manali
CUST100835,Aditya Mishra,Business Traveler,700,42,Website,Gold,Chennai
CUST100836,Ananya Patel,First-Time User,1866,10,Mobile App,Silver,Ahmedabad
CUST100837,Aarav Reddy,Family Vacation,202,32,Mobile App,Blue,Varanasi
CUST100838,Ira Kapoor,Couple Leisure,1634,34,Website,Silver,Kochi
CUST100839,Vivaan Reddy,Couple Leisure,1702,9,,Silver,Kolkata
CUST100840,Aditya Das,Budget Solo,999,17,Mobile App,Blue,Chennai
CUST100841,Ananya Singh,Couple Leisure,562,11,Website,Platinum,Mumbai
CUST100842,Diya Verma,Budget Solo,1446,32,Mobile App,Blue,Hyderabad
CUST100843,Ira Reddy,First-Time User,890,10,Mobile App,Silver,Ahmedabad
CUST100844,Aadhya Singh,Budget Solo,632,22,Mobile App,Gold,Mumbai
CUST100845,Ananya Kapoor,Business Traveler,1380,17,Mobile App,Silver,Shimla
CUST100846,Aditya Reddy,Budget Solo,1258,4,Mobile App,Gold,Kochi
CUST100847,Anika Singh,First-Time User,917,25,Website,Platinum,Agra
CUST100848,Diya Pillai,Business Traveler,177,21,Mobile App,Blue,Ahmedabad
CUST100849,Krishna Das,Couple Leisure,1989,37,Mobile App,Blue,Mumbai
CUST100850,Vihaan Sharma,Budget Solo,284,38,Mobile App,Blue,Varanasi
CUST100851,Sai Jain,Couple Leisure,646,1,Mobile App,Silver,Bengaluru
CUST100852,Anika Mishra,Family Vacation,920,25,Mobile App,Gold,Goa
CUST100853,Sara Nair,Premium Member,2029,36,Website,Blue,Varanasi
CUST100854,Krishna Gupta,Family Vacation,1656,17,Website,Blue,Jaipur
CUST100855,Aadhya Khan,Budget Solo,219,41,Website,Blue,Udaipur
CUST100856,Ira Mehta,Budget Solo,596,24,Website,Gold,Ahmedabad
CUST100857,Kiara Khan,Business Traveler,1594,2,Mobile App,Blue,Kolkata
CUST100858,Vihaan Reddy,Business Traveler,855,40,Mobile App,Blue,Pune
CUST100859,Aditya Kapoor,Budget Solo,1851,15,Mobile App,Silver,Chennai
CUST100860,Sai Kapoor,Premium Member,1266,32,Mobile App,Gold,Mumbai
CUST100861,Aditya Pillai,Business Traveler,1734,39,Call Center,Silver,Goa
CUST100862,Ananya Iyer,Business Traveler,1657,6,Mobile App,Silver,Mumbai
CUST100863,Sara Mehta,Business Traveler,889,1,,Blue,Hyderabad
CUST100864,Ishaan Patel,Business Traveler,1479,23,Partner Desk,Silver,Bengaluru
CUST100865,Sai Singh,Business Traveler,704,39,Call Center,Silver,Pune
CUST100866,Anika Das,Budget Solo,2025,17,Website,Platinum,Jaipur
CUST100867,Vihaan Khan,Budget Solo,1437,34,Mobile App,Blue,Kochi
CUST100868,Arjun Das,Premium Member,2016,41,Mobile App,Blue,Hyderabad
CUST100869,Kiara Sharma,First-Time User,686,29,Mobile App,Blue,Ahmedabad
CUST100870,Ananya Singh,Family Vacation,1186,9,Mobile App,Blue,Delhi
CUST100871,Aadhya Reddy,Family Vacation,1510,13,Mobile App,Gold,Ahmedabad
CUST100872,Ira Iyer,Couple Leisure,958,6,Mobile App,Blue,Pune
CUST100873,Aditya Mehta,Business Traveler,1464,6,Call Center,Silver,Mumbai
CUST100874,Diya Jain,Budget Solo,910,20,Mobile App,Blue,Shimla
CUST100875,Anika Bose,Budget Solo,1351,3,Website,Blue,Hyderabad
CUST100876,Myra Iyer,Couple Leisure,179,17,Website,Silver,Jaipur
CUST100877,Arjun Pillai,Couple Leisure,2083,12,Mobile App,Blue,Manali
CUST100878,Aditya Kapoor,Budget Solo,1120,1,Website,Blue,Varanasi
CUST100879,Aadhya Singh,Family Vacation,1768,17,Mobile App,Silver,Goa
CUST100880,Arjun Patel,Family Vacation,1953,3,Mobile App,Silver,Goa
CUST100881,Arjun Bose,Couple Leisure,385,26,Website,Blue,Kolkata
CUST100882,Anika Verma,Budget Solo,1895,15,Mobile App,Platinum,Jaipur
CUST100883,Vihaan Reddy,Budget Solo,867,36,Call Center,Silver,Goa
CUST100884,Ishaan Patel,Premium Member,398,32,Mobile App,Gold,Hyderabad
CUST100885,Sai Pillai,Budget Solo,1946,32,Website,Blue,Kolkata
CUST100886,Ayaan Singh,Couple Leisure,439,4,Mobile App,Blue,Agra
CUST100887,Anika Mehta,Family Vacation,643,18,Mobile App,Blue,Goa
CUST100888,Aditya Gupta,Budget Solo,909,19,Mobile App,Blue,Pune
CUST100889,Reyansh Gupta,Family Vacation,612,43,Website,Blue,Manali
CUST100890,Arjun Mehta,Couple Leisure,607,35,Website,Platinum,Shimla
CUST100891,Ira Iyer,Premium Member,1702,40,Website,Silver,Bengaluru
CUST100892,Anika Patel,Premium Member,587,14,Mobile App,Blue,Manali
CUST100893,Meera Reddy,Family Vacation,2090,33,Website,Silver,Delhi
CUST100894,Sai Pillai,Couple Leisure,2105,14,Website,Blue,Jaipur
CUST100895,Meera Verma,Family Vacation,1719,34,Website,Silver,Hyderabad
CUST100896,Aarav Iyer,Family Vacation,191,4,Mobile App,Silver,Chennai
CUST100897,Vivaan Gupta,Premium Member,543,24,Website,Gold,Shimla
CUST100898,Reyansh Bose,Budget Solo,1648,29,Website,Platinum,Mumbai
CUST100899,Ira Sharma,Budget Solo,980,19,Mobile App,Blue,Hyderabad
CUST100900,Kiara Mehta,Family Vacation,1532,6,Website,Silver,Manali
CUST100901,Ishaan Jain,Budget Solo,212,33,Website,Gold,Manali
CUST100902,Ayaan Mishra,Budget Solo,867,40,Mobile App,Gold,Goa
CUST100903,Ishaan Kapoor,Couple Leisure,1552,19,Mobile App,Silver,Hyderabad
CUST100904,Aditya Verma,Business Traveler,2084,1,Mobile App,Platinum,Chennai
CUST100905,Sai Kapoor,Premium Member,1095,5,Mobile App,Blue,Mumbai
CUST100906,Myra Jain,Premium Member,112,27,Website,Platinum,Kolkata
CUST100907,Aadhya Khan,Family Vacation,1918,16,Mobile App,Blue,Goa
CUST100908,Saanvi Reddy,Family Vacation,449,6,Website,Silver,Ahmedabad
CUST100909,Saanvi Pillai,Family Vacation,651,40,Website,Gold,Shimla
CUST100910,Ananya Mishra,Couple Leisure,602,13,Mobile App,Blue,Udaipur
CUST100911,Arjun Singh,Family Vacation,358,35,Website,Silver,Goa
CUST100912,Anika Nair,Couple Leisure,1332,19,Call Center,Blue,Delhi
CUST100913,Saanvi Das,Business Traveler,1994,12,Website,Platinum,Agra
CUST100914,Aadhya Nair,Business Traveler,585,16,Website,Gold,Udaipur
CUST100915,Krishna Kapoor,Business Traveler,625,43,Call Center,Silver,Delhi
CUST100916,Ayaan Reddy,Family Vacation,1742,10,Website,Silver,Chennai
CUST100917,Vihaan Verma,First-Time User,1869,25,Mobile App,Gold,Jaipur
CUST100918,Ishaan Mishra,Premium Member,974,20,Website,Blue,Mumbai
CUST100919,Ira Bose,Budget Solo,2094,31,Website,Blue,Bengaluru
CUST100920,Ayaan Patel,Premium Member,546,4,Website,Silver,Kolkata
CUST100921,Saanvi Pillai,Business Traveler,1192,44,Mobile App,Blue,Bengaluru
CUST100922,Reyansh Patel,Premium Member,1106,23,Website,Blue,Pune
CUST100923,Kiara Kapoor,Premium Member,1916,2,Mobile App,Blue,Pune
CUST100924,Kiara Mehta,Business Traveler,898,22,Call Center,Blue,Chennai
CUST100925,Kiara Sharma,Budget Solo,1693,37,Mobile App,Gold,Jaipur
CUST100926,Aditya Mishra,Family Vacation,2141,8,Mobile App,Silver,Agra
CUST100927,Anika Kapoor,Business Traveler,1764,7,Mobile App,Silver,Agra
CUST100928,Ayaan Khan,Couple Leisure,796,14,Mobile App,Blue,Ahmedabad
CUST100929,Meera Singh,Family Vacation,2120,3,Website,Blue,Pune
CUST100930,Vivaan Verma,Budget Solo,895,16,Partner Desk,Blue,Shimla
CUST100931,Ishaan Jain,Premium Member,461,19,Website,Gold,Shimla
CUST100932,Ira Jain,First-Time User,2128,18,Mobile App,Silver,Manali
CUST100933,Ishaan Sharma,Business Traveler,1798,16,Mobile App,Platinum,Varanasi
CUST100934,Vihaan Bose,Budget Solo,1292,8,Website,Silver,Goa
CUST100935,Arjun Gupta,Family Vacation,2006,33,Call Center,Silver,Ahmedabad
CUST100936,Ananya Mishra,Budget Solo,1082,12,Mobile App,Silver,Hyderabad
CUST100937,Ananya Verma,First-Time User,1592,11,Mobile App,Platinum,Ahmedabad
CUST100938,Diya Verma,Budget Solo,1026,5,Mobile App,Gold,Delhi
CUST100939,Meera Khan,Business Traveler,788,27,Partner Desk,Blue,Pune
CUST100940,Ananya Mehta,Family Vacation,1829,12,Website,Silver,Ahmedabad
CUST100941,Aditya Mishra,Business Traveler,1216,17,Mobile App,Silver,Chennai
CUST100942,Anika Kapoor,Couple Leisure,1465,6,Mobile App,Silver,Manali
CUST100943,Sara Gupta,Premium Member,321,33,Partner Desk,Blue,Kochi
CUST100944,Ira Nair,Family Vacation,793,5,Mobile App,Gold,Delhi
CUST100945,Arjun Nair,Budget Solo,22,28,Mobile App,Platinum,Goa
CUST100946,Diya Singh,Budget Solo,490,14,Mobile App,Blue,Jaipur
CUST100947,Saanvi Singh,First-Time User,1335,5,Mobile App,Gold,Mumbai
CUST100948,Arjun Khan,Premium Member,499,33,Mobile App,Blue,Agra
CUST100949,Ira Mishra,Couple Leisure,919,41,Website,Blue,Bengaluru
CUST100950,Anika Verma,Couple Leisure,573,19,Partner Desk,Blue,Ahmedabad
CUST100951,Vivaan Verma,Couple Leisure,1982,22,Website,Blue,Goa
CUST100952,Arjun Pillai,Budget Solo,1142,5,Partner Desk,Gold,Ahmedabad
CUST100953,Kiara Kapoor,First-Time User,1248,2,Mobile App,Blue,Kolkata
CUST100954,Arjun Reddy,Business Traveler,482,30,Website,Blue,Udaipur
CUST100955,Saanvi Pillai,Family Vacation,862,39,Mobile App,Blue,Chennai
CUST100956,Sai Mishra,Business Traveler,273,4,Website,Blue,Agra
CUST100957,Ira Mehta,Budget Solo,297,33,Call Center,Blue,Bengaluru
CUST100958,Meera Pillai,Budget Solo,1664,13,Mobile App,Silver,Kolkata
CUST100959,Anika Jain,Couple Leisure,1913,20,Mobile App,Blue,Mumbai
CUST100960,Meera Mehta,Budget Solo,54,7,Mobile App,Gold,Kolkata
CUST100961,Kiara Sharma,Couple Leisure,1029,15,Mobile App,Gold,Kochi
CUST100962,Ananya Pillai,Family Vacation,627,23,Mobile App,Blue,Jaipur
CUST100963,Vihaan Bose,Family Vacation,1930,14,Website,Gold,Shimla
CUST100964,Meera Mehta,Family Vacation,702,23,Call Center,Blue,Udaipur
CUST100965,Aarav Jain,Family Vacation,627,19,Mobile App,Blue,Delhi
CUST100966,Krishna Das,Couple Leisure,1796,29,Mobile App,Blue,Bengaluru
CUST100967,Vivaan Jain,Family Vacation,1825,20,Mobile App,Blue,Udaipur
CUST100968,Sai Mishra,Business Traveler,1562,29,Partner Desk,Silver,Hyderabad
CUST100969,Arjun Das,Business Traveler,1945,24,Mobile App,Gold,Goa
CUST100970,Vivaan Nair,Couple Leisure,1167,18,Mobile App,Blue,Hyderabad
CUST100971,Reyansh Sharma,First-Time User,589,10,Mobile App,Silver,Goa
CUST100972,Aadhya Pillai,Couple Leisure,1925,41,Mobile App,Blue,Jaipur
CUST100973,Myra Reddy,Family Vacation,1027,8,Mobile App,Gold,Udaipur
CUST100974,Myra Khan,Budget Solo,684,26,Website,Blue,Shimla
CUST100975,Myra Jain,Family Vacation,283,29,Website,Blue,Mumbai
CUST100976,Vivaan Reddy,Couple Leisure,1298,10,Website,Blue,Varanasi
CUST100977,Anika Khan,Budget Solo,938,17,Mobile App,Blue,Varanasi
CUST100978,Sara Pillai,Business Traveler,1140,2,Website,Silver,Shimla
CUST100979,Kiara Mishra,Couple Leisure,1544,6,Website,Gold,Pune
CUST100980,Saanvi Patel,Family Vacation,1773,5,Mobile App,Blue,Kolkata
CUST100981,Aadhya Pillai,Premium Member,1609,28,Mobile App,Silver,Manali
CUST100982,Sara Singh,Budget Solo,261,41,Mobile App,Silver,Pune
CUST100983,Krishna Jain,Budget Solo,1575,5,Website,Gold,Udaipur
CUST100984,Reyansh Das,Couple Leisure,2193,18,Mobile App,Blue,Hyderabad
CUST100985,Krishna Mehta,Business Traveler,1954,26,Call Center,Silver,Manali
CUST100986,Ayaan Mehta,Couple Leisure,944,20,Mobile App,Gold,Varanasi
CUST100987,Ishaan Khan,Business Traveler,241,41,Website,Silver,Pune
CUST100988,Kiara Pillai,Family Vacation,279,27,Website,Blue,Varanasi
CUST100989,Kiara Singh,Premium Member,1410,12,Website,Blue,Chennai
CUST100990,Sara Gupta,Premium Member,1472,7,Mobile App,Blue,Agra
CUST100991,Ishaan Nair,Couple Leisure,660,3,Mobile App,Silver,Varanasi
CUST100992,Meera Mishra,Family Vacation,1433,10,Website,Silver,Shimla
CUST100993,Diya Singh,Couple Leisure,1488,34,Mobile App,Blue,Pune
CUST100994,Arjun Mehta,Family Vacation,1402,25,Mobile App,Silver,Ahmedabad
CUST100995,Vivaan Mehta,Budget Solo,1914,35,Mobile App,Silver,Goa
CUST100996,Aditya Singh,First-Time User,1264,16,Mobile App,Silver,Manali
CUST100997,Aadhya Gupta,Budget Solo,996,2,Mobile App,Silver,Chennai
CUST100998,Kiara Khan,First-Time User,1169,24,Mobile App,Gold,Bengaluru
CUST100999,Reyansh Gupta,Business Traveler,602,10,Mobile App,Blue,Ahmedabad
CUST101000,Sara Gupta,Budget Solo,490,38,Website,Gold,Pune
CUST101001,Arjun Nair,Business Traveler,1836,22,Website,Blue,Ahmedabad
CUST101002,Ira Das,Premium Member,1000,26,Website,Blue,Chennai
CUST101003,Ayaan Verma,Couple Leisure,1256,43,Call Center,Blue,Shimla
CUST101004,Anika Das,Premium Member,204,39,Mobile App,Blue,Varanasi
CUST101005,Ayaan Verma,Couple Leisure,1455,27,Mobile App,Blue,Udaipur
CUST101006,Vihaan Bose,Couple Leisure,995,29,Mobile App,Blue,Agra
CUST101007,Saanvi Jain,Premium Member,1713,38,Mobile App,Gold,Kolkata
CUST101008,Vihaan Reddy,Family Vacation,1730,20,Call Center,Blue,Agra
CUST101009,Aarav Patel,Business Traveler,55,27,Mobile App,Silver,Ahmedabad
CUST101010,Myra Jain,Family Vacation,957,41,Mobile App,Blue,Bengaluru
CUST101011,Kiara Khan,First-Time User,352,20,Mobile App,Platinum,Mumbai
CUST101012,Ishaan Pillai,First-Time User,1352,44,Website,Silver,Manali
CUST101013,Ishaan Verma,Budget Solo,1113,19,Website,Blue,Mumbai
CUST101014,Aditya Das,Couple Leisure,910,20,Mobile App,Gold,Jaipur
CUST101015,Sara Verma,First-Time User,1689,35,Call Center,Silver,Pune
CUST101016,Sai Bose,Budget Solo,945,2,Mobile App,Gold,Kolkata
CUST101017,Sai Verma,Business Traveler,303,30,Mobile App,Silver,Kochi
CUST101018,Diya Jain,First-Time User,738,34,Partner Desk,Silver,Delhi
CUST101019,Sai Mehta,Budget Solo,1968,22,Mobile App,Gold,Ahmedabad
CUST101020,Vivaan Sharma,Couple Leisure,1104,3,Partner Desk,Blue,Chennai
CUST101021,Ishaan Nair,Family Vacation,497,6,Call Center,Blue,Bengaluru
CUST101022,Saanvi Mehta,First-Time User,950,15,Website,Gold,Udaipur
CUST101023,Aadhya Jain,First-Time User,170,27,Website,Blue,Pune
CUST101024,Arjun Kapoor,First-Time User,1085,10,Mobile App,Silver,Udaipur
CUST101025,Krishna Khan,Business Traveler,1973,9,Call Center,Blue,Delhi
CUST101026,Vihaan Pillai,Premium Member,1698,33,Mobile App,Silver,Manali
CUST101027,Sai Kapoor,Premium Member,138,32,Website,Platinum,Jaipur
CUST101028,Krishna Patel,Family Vacation,2063,6,Call Center,Blue,Kochi
CUST101029,Aarav Pillai,Premium Member,982,41,Call Center,Blue,Delhi
CUST101030,Ishaan Khan,Budget Solo,869,36,Website,Silver,Agra
CUST101031,Sai Mishra,Couple Leisure,654,2,Mobile App,Gold,Varanasi
CUST101032,Myra Pillai,Family Vacation,1617,29,Call Center,Blue,Agra
CUST101033,Aditya Mishra,Budget Solo,456,4,Website,Blue,Varanasi
CUST101034,Vihaan Patel,Budget Solo,1959,1,Call Center,Platinum,Goa
CUST101035,Arjun Jain,Couple Leisure,1853,19,Website,Silver,Ahmedabad
CUST101036,Saanvi Das,Family Vacation,1844,26,Mobile App,Blue,Hyderabad
CUST101037,Aarav Gupta,Couple Leisure,547,25,Mobile App,Blue,Bengaluru
CUST101038,Diya Das,Budget Solo,1351,10,Mobile App,Silver,Manali
CUST101039,Aadhya Gupta,Family Vacation,963,15,Website,Blue,Hyderabad
CUST101040,Saanvi Mehta,Business Traveler,2034,22,Mobile App,Blue,Delhi
CUST101041,Meera Sharma,Premium Member,474,21,Mobile App,Gold,Kochi
CUST101042,Krishna Singh,Family Vacation,565,22,Mobile App,Blue,Varanasi
CUST101043,Ayaan Verma,Couple Leisure,407,36,Website,Silver,Varanasi
CUST101044,Vihaan Kapoor,Premium Member,1802,34,Mobile App,Blue,Agra
CUST101045,Ishaan Patel,Couple Leisure,859,30,Mobile App,Gold,Jaipur
CUST101046,Diya Mehta,Family Vacation,1153,25,Mobile App,Silver,Jaipur
CUST101047,Vihaan Mehta,Budget Solo,660,28,Mobile App,Blue,Varanasi
CUST101048,Ananya Das,Premium Member,1481,1,Mobile App,Silver,Shimla
CUST101049,Ayaan Reddy,Budget Solo,1392,4,Mobile App,Blue,Mumbai
CUST101050,Kiara Reddy,Premium Member,156,7,Mobile App,Gold,Agra
CUST101051,Aadhya Singh,Business Traveler,515,9,Call Center,Gold,Pune
CUST101052,Myra Jain,First-Time User,854,36,Partner Desk,Blue,Kochi
CUST101053,Sara Khan,Premium Member,1697,19,Mobile App,Blue,Mumbai
CUST101054,Ayaan Iyer,First-Time User,1580,1,Call Center,Blue,Bengaluru
CUST101055,Anika Kapoor,Family Vacation,2061,10,Mobile App,Silver,Varanasi
CUST101056,Anika Singh,Premium Member,1545,36,Website,Blue,Bengaluru
CUST101057,Aditya Nair,Business Traveler,610,9,Website,Blue,Bengaluru
CUST101058,Vivaan Khan,Business Traveler,1919,42,Mobile App,Blue,Udaipur
CUST101059,Meera Reddy,Couple Leisure,295,32,Mobile App,Blue,Mumbai
CUST101060,Sai Pillai,Premium Member,438,32,Mobile App,Silver,Udaipur
CUST101061,Anika Kapoor,First-Time User,284,6,Mobile App,Blue,Hyderabad
CUST101062,Vihaan Khan,Premium Member,168,38,Website,Silver,Agra
CUST101063,Meera Jain,Business Traveler,1765,17,Mobile App,Blue,Pune
CUST101064,Aditya Kapoor,Business Traveler,676,10,Mobile App,Blue,Delhi
CUST101065,Vivaan Kapoor,Couple Leisure,1982,27,Mobile App,Silver,Agra
CUST101066,Arjun Bose,Family Vacation,97,35,Mobile App,Platinum,Kochi
CUST101067,Aadhya Verma,Budget Solo,1464,21,Mobile App,Gold,Chennai
CUST101068,Sara Kapoor,Family Vacation,1313,25,Mobile App,Blue,Mumbai
CUST101069,Ishaan Sharma,Family Vacation,994,28,Website,Blue,Agra
CUST101070,Diya Gupta,Family Vacation,1674,15,Mobile App,Gold,Chennai
CUST101071,Aarav Khan,Family Vacation,1413,4,Mobile App,Blue,Shimla
CUST101072,Meera Iyer,Budget Solo,647,29,Website,Blue,Agra
CUST101073,Vivaan Bose,Budget Solo,1546,9,Mobile App,Gold,Jaipur
CUST101074,Ananya Iyer,First-Time User,801,27,,Gold,Mumbai
CUST101075,Sara Verma,Business Traveler,412,26,Website,Platinum,Hyderabad
CUST101076,Aditya Jain,Family Vacation,1158,19,Mobile App,Gold,Manali
CUST101077,Vivaan Mehta,Couple Leisure,948,28,Mobile App,Gold,Mumbai
CUST101078,Myra Patel,Family Vacation,1475,17,Mobile App,Blue,Manali
CUST101079,Arjun Bose,First-Time User,1867,43,Mobile App,Blue,Udaipur
CUST101080,Ananya Mishra,Premium Member,300,41,Mobile App,Silver,Pune
CUST101081,Aadhya Mishra,Budget Solo,279,42,Mobile App,Silver,Delhi
CUST101082,Diya Iyer,Business Traveler,2151,20,Mobile App,Silver,Kolkata
CUST101083,Sara Reddy,Premium Member,1692,40,Mobile App,Blue,Delhi
CUST101084,Ananya Nair,First-Time User,1241,39,Website,Blue,Agra
CUST101085,Sai Mishra,Business Traveler,835,23,Website,Silver,Varanasi
CUST101086,Anika Reddy,Couple Leisure,1777,32,Mobile App,Blue,Kochi
CUST101087,Ayaan Sharma,Budget Solo,55,33,Mobile App,Blue,Kochi
CUST101088,Aarav Mehta,First-Time User,1746,5,Partner Desk,Silver,Delhi
CUST101089,Aadhya Bose,Family Vacation,82,43,Mobile App,Silver,Jaipur
CUST101090,Sara Mishra,First-Time User,1002,34,Website,Blue,Hyderabad
CUST101091,Ayaan Das,Couple Leisure,1814,40,Mobile App,Silver,Manali
CUST101092,Aadhya Singh,Couple Leisure,1636,11,Website,Silver,Chennai
CUST101093,Arjun Gupta,Business Traveler,1670,3,Mobile App,Blue,Kochi
CUST101094,Reyansh Nair,Family Vacation,1293,33,Mobile App,Blue,Agra
CUST101095,Vivaan Bose,Budget Solo,709,11,Mobile App,Blue,Hyderabad
CUST101096,Ira Sharma,Family Vacation,1100,16,Mobile App,Blue,Kolkata
CUST101097,Ayaan Khan,Budget Solo,1708,18,Mobile App,Gold,Jaipur
CUST101098,Aditya Nair,Premium Member,1073,30,Mobile App,Blue,Pune
CUST101099,Ira Verma,Family Vacation,793,10,Website,Silver,Agra
CUST101100,Aadhya Verma,Budget Solo,508,18,Partner Desk,Blue,Varanasi
CUST101101,Ayaan Verma,First-Time User,1600,38,Mobile App,Blue,Delhi
CUST101102,Diya Kapoor,Premium Member,1507,19,Mobile App,Silver,Ahmedabad
CUST101103,Ayaan Khan,First-Time User,1805,36,Mobile App,Blue,Udaipur
CUST101104,Vivaan Reddy,First-Time User,675,13,Website,Silver,Jaipur
CUST101105,Anika Mehta,Budget Solo,1363,3,Mobile App,Blue,Kochi
CUST101106,Ayaan Pillai,Family Vacation,1342,10,Call Center,Blue,Bengaluru
CUST101107,Meera Pillai,Couple Leisure,1314,38,Mobile App,Silver,Kochi
CUST101108,Ayaan Mehta,Couple Leisure,2001,1,Mobile App,Blue,Ahmedabad
CUST101109,Arjun Das,Budget Solo,2059,27,Website,Gold,Mumbai
CUST101110,Myra Mehta,Premium Member,1943,8,Website,Silver,Hyderabad
CUST101111,Krishna Verma,Family Vacation,1362,42,Mobile App,Blue,Shimla
CUST101112,Sara Patel,Family Vacation,1073,17,Mobile App,Blue,Jaipur
CUST101113,Myra Jain,Business Traveler,991,9,Call Center,Silver,Bengaluru
CUST101114,Vivaan Singh,Couple Leisure,496,6,Mobile App,Gold,Kochi
CUST101115,Diya Pillai,Couple Leisure,742,43,Partner Desk,Blue,Manali
CUST101116,Myra Bose,Budget Solo,1046,25,Mobile App,Gold,Chennai
CUST101117,Arjun Mehta,Premium Member,357,39,Website,Blue,Kolkata
CUST101118,Diya Patel,Family Vacation,1462,28,Website,Gold,Kolkata
CUST101119,Sara Jain,Budget Solo,541,33,Mobile App,Blue,Delhi
CUST101120,Ayaan Das,Premium Member,1911,37,Partner Desk,Gold,Delhi
CUST101121,Ishaan Reddy,First-Time User,673,9,Mobile App,Silver,Jaipur
CUST101122,Aadhya Verma,Premium Member,2088,18,Mobile App,Blue,Jaipur
CUST101123,Sara Bose,Premium Member,834,21,Mobile App,Blue,Pune
CUST101124,Myra Reddy,Couple Leisure,420,2,Mobile App,Blue,Mumbai
CUST101125,Diya Das,Business Traveler,1588,43,Website,Platinum,Goa
CUST101126,Krishna Khan,Budget Solo,1826,38,Mobile App,Blue,Chennai
CUST101127,Saanvi Iyer,Business Traveler,519,40,Mobile App,Blue,Delhi
CUST101128,Aadhya Singh,Family Vacation,193,36,Mobile App,Silver,Goa
CUST101129,Aditya Khan,Family Vacation,146,43,Mobile App,Silver,Ahmedabad
CUST101130,Vivaan Gupta,Couple Leisure,1861,37,Mobile App,Silver,Goa
CUST101131,Diya Verma,Business Traveler,1493,15,Website,Silver,Agra
CUST101132,Aditya Khan,Budget Solo,786,28,Partner Desk,Blue,Varanasi
CUST101133,Meera Khan,Family Vacation,1444,18,Website,Gold,Mumbai
CUST101134,Kiara Khan,Couple Leisure,2138,34,Mobile App,Blue,Udaipur
CUST101135,Saanvi Mehta,Budget Solo,593,22,Mobile App,Blue,Udaipur
CUST101136,Aarav Khan,Premium Member,1530,11,Mobile App,Silver,Manali
CUST101137,Reyansh Nair,Business Traveler,208,13,Mobile App,Silver,Delhi
CUST101138,Kiara Das,Business Traveler,2022,4,Mobile App,Blue,Kochi
CUST101139,Ira Khan,Couple Leisure,1200,22,,Silver,Bengaluru
CUST101140,Diya Das,Premium Member,1399,7,Mobile App,Blue,Kochi
CUST101141,Sara Pillai,Family Vacation,1807,43,Call Center,Blue,Shimla
CUST101142,Ishaan Mishra,Couple Leisure,1125,24,Mobile App,Gold,Mumbai
CUST101143,Aadhya Singh,Business Traveler,1951,4,Mobile App,Blue,Mumbai
CUST101144,Ishaan Gupta,Family Vacation,794,28,Mobile App,Blue,Varanasi
CUST101145,Ananya Jain,Premium Member,276,15,Mobile App,Gold,Hyderabad
CUST101146,Aadhya Nair,Premium Member,744,1,Website,Platinum,Shimla
CUST101147,Kiara Pillai,Couple Leisure,297,3,,Silver,Goa
CUST101148,Reyansh Singh,Premium Member,1505,14,Mobile App,Silver,Ahmedabad
CUST101149,Saanvi Bose,Premium Member,376,38,Mobile App,Silver,Hyderabad
CUST101150,Vivaan Das,Couple Leisure,455,1,Mobile App,Platinum,Manali
CUST101151,Arjun Sharma,Premium Member,2155,38,Mobile App,Gold,Kochi
CUST101152,Krishna Bose,Couple Leisure,1659,38,Website,Blue,Manali
CUST101153,Ishaan Reddy,Couple Leisure,881,21,Website,Blue,Kochi
CUST101154,Reyansh Pillai,Couple Leisure,1462,29,Website,Silver,Manali
CUST101155,Ayaan Mishra,Couple Leisure,156,5,Mobile App,Gold,Goa
CUST101156,Meera Das,Budget Solo,1329,10,Website,Silver,Ahmedabad
CUST101157,Kiara Pillai,Premium Member,1470,28,Mobile App,Silver,Manali
CUST101158,Krishna Jain,Premium Member,1890,21,Mobile App,Platinum,Udaipur
CUST101159,Kiara Kapoor,Budget Solo,1862,7,,Blue,Delhi
CUST101160,Sai Singh,Premium Member,1727,3,Mobile App,Blue,Chennai
CUST101161,Sai Reddy,Budget Solo,715,20,,Blue,Udaipur
CUST101162,Sara Jain,Family Vacation,1012,19,Website,Blue,Agra
CUST101163,Sai Verma,Couple Leisure,2111,35,Mobile App,Blue,Mumbai
CUST101164,Anika Verma,Budget Solo,1340,4,Website,Blue,Chennai
CUST101165,Aditya Verma,Premium Member,895,5,Mobile App,Silver,Jaipur
CUST101166,Aarav Bose,Premium Member,1228,1,Website,Gold,Chennai
CUST101167,Arjun Das,Business Traveler,1174,4,Call Center,Silver,Chennai
CUST101168,Aditya Reddy,Budget Solo,569,12,Partner Desk,Silver,Udaipur
CUST101169,Aarav Khan,Family Vacation,418,27,Mobile App,Blue,Mumbai
CUST101170,Anika Kapoor,Couple Leisure,906,42,Mobile App,Gold,Chennai
CUST101171,Ananya Verma,First-Time User,616,23,Mobile App,Gold,Varanasi
CUST101172,Ira Jain,Couple Leisure,1845,25,Mobile App,Silver,Varanasi
CUST101173,Kiara Sharma,Family Vacation,355,21,Mobile App,Blue,Agra
CUST101174,Aarav Bose,Couple Leisure,1983,24,Mobile App,Blue,Udaipur
CUST101175,Aarav Sharma,Business Traveler,718,25,Mobile App,Blue,Udaipur
CUST101176,Anika Gupta,Premium Member,332,32,Call Center,Silver,Chennai
CUST101177,Sara Mehta,Budget Solo,1401,32,Mobile App,Gold,Goa
CUST101178,Aarav Bose,Premium Member,1815,5,Mobile App,Gold,Mumbai
CUST101179,Sai Nair,Business Traveler,1382,36,Mobile App,Silver,Kochi
CUST101180,Vihaan Reddy,First-Time User,1587,42,Partner Desk,Gold,Kochi
CUST101181,Ayaan Khan,Family Vacation,831,42,Website,Platinum,Kolkata
CUST101182,Ira Gupta,Couple Leisure,567,39,Website,Blue,Agra
CUST101183,Ananya Gupta,First-Time User,870,16,Partner Desk,Blue,Kochi
CUST101184,Diya Iyer,Budget Solo,1827,33,Mobile App,Platinum,Chennai
CUST101185,Ananya Mishra,First-Time User,197,21,Mobile App,Blue,Kochi
CUST101186,Aadhya Das,Couple Leisure,1589,9,Mobile App,Gold,Hyderabad
CUST101187,Ayaan Mehta,Budget Solo,411,6,Website,Platinum,Hyderabad
CUST101188,Aditya Verma,Family Vacation,1742,35,Mobile App,Silver,Jaipur
CUST101189,Aditya Mishra,Couple Leisure,1532,39,Mobile App,Gold,Mumbai
CUST101190,Diya Mishra,Budget Solo,921,22,Call Center,Silver,Agra
CUST101191,Sara Jain,Couple Leisure,1371,41,Call Center,Silver,Udaipur
CUST101192,Vivaan Sharma,Family Vacation,2189,5,Website,Blue,Pune
CUST101193,Sai Iyer,Couple Leisure,15,42,Website,Blue,Delhi
CUST101194,Kiara Bose,Budget Solo,33,23,,Blue,Bengaluru
CUST101195,Saanvi Nair,Premium Member,598,17,Mobile App,Silver,Shimla
CUST101196,Anika Verma,First-Time User,470,12,Mobile App,Blue,Pune
CUST101197,Ayaan Khan,First-Time User,2051,23,Website,Blue,Kochi
CUST101198,Meera Jain,Couple Leisure,1147,16,Website,Blue,Agra
CUST101199,Krishna Verma,Budget Solo,1967,3,Mobile App,Silver,Mumbai
